Workbook

Sheet 商品销售
A1: 商品销售统计表
A2: 商品编号 | B2: 商品名 | C2: 商品类别 | D2: 月份 | E2: 单价 | F2: 数量 | G2: 销售金额
A3: 001 | B3: 高压锅 | C3: 日用品 | D3: 1 | E3: 68 | F3: 10 | G3: =E3*F3 -> 680
A4: 002 | B4: 冰箱 | C4: 电器 | D4: 1 | E4: 2780 | F4: 30 | G4: =E4*F4 -> 83400
A5: 003 | B5: 音响 | C5: 电器 | D5: 1 | E5: 4200 | F5: 15 | G5: =E5*F5 -> 63000
A6: 004 | B6: 女大衣 | C6: 服装 | D6: 1 | E6: 457 | F6: 60 | G6: =E6*F6 -> 27420
A7: 005 | B7: 彩电 | C7: 电器 | D7: 1 | E7: 3800 | F7: 50 | G7: =E7*F7 -> 190000
A8: 006 | B8: 热水瓶 | C8: 日用品 | D8: 1 | E8: 32 | F8: 40 | G8: =E8*F8 -> 1280
A9: 007 | B9: 西装 | C9: 服装 | D9: 1 | E9: 382 | F9: 85 | G9: =E9*F9 -> 32470
A10: 008 | B10: 护肤霜 | C10: 化妆品 | D10: 1 | E10: 80 | F10: 12 | G10: =E10*F10 -> 960
A11: 009 | B11: 空调 | C11: 电器 | D11: 1 | E11: 2800 | F11: 60 | G11: =E11*F11 -> 168000
A12: 010 | B12: 洗发水 | C12: 化妆品 | D12: 1 | E12: 65 | F12: 45 | G12: =E12*F12 -> 2925
A13: 001 | B13: 高压锅 | C13: 日用品 | D13: 2 | E13: 68 | F13: 5 | G13: =E13*F13 -> 340
A14: 002 | B14: 冰箱 | C14: 电器 | D14: 2 | E14: 2780 | F14: 25 | G14: =E14*F14 -> 69500
... A32: 010 | B32: 洗发水 | C32: 化妆品 | D32: 3 | E32: 65 | F32: 32 | G32: =E32*F32 -> 2080

Sheet 销售汇总
A1: 商品编号 | B1: 商品名 | C1: 一月份销售金额 | D1: 二月份销售金额 | E1: 三月份销售金额
A2: 001 | B2: 高压锅 | C2: =商品销售!G3 -> 680 | D2: =商品销售!G13 -> 340 | E2: =商品销售!G23 -> 680
A3: 002 | B3: 冰箱 | C3: =商品销售!G4 -> 83400 | D3: =商品销售!G14 -> 69500 | E3: =商品销售!G24 -> 83400
A4: 003 | B4: 音响 | C4: =商品销售!G5 -> 63000 | D4: =商品销售!G15 -> 84000 | E4: =商品销售!G25 -> 63000
A5: 004 | B5: 女大衣 | C5: =商品销售!G6 -> 27420 | D5: =商品销售!G16 -> 20565 | E5: =商品销售!G26 -> 31076
A6: 005 | B6: 彩电 | C6: =商品销售!G7 -> 190000 | D6: =商品销售!G17 -> 140600 | E6: =商品销售!G27 -> 171000
A7: 006 | B7: 热水瓶 | C7: =商品销售!G8 -> 1280 | D7: =商品销售!G18 -> 320 | E7: =商品销售!G28 -> 832
A8: 007 | B8: 西装 | C8: =商品销售!G9 -> 32470 | D8: =商品销售!G19 -> 38200 | E8: =商品销售!G29 -> 19100
A9: 008 | B9: 护肤霜 | C9: =商品销售!G10 -> 960 | D9: =商品销售!G20 -> 800 | E9: =商品销售!G30 -> 1280
A10: 009 | B10: 空调 | C10: =商品销售!G11 -> 168000 | D10: =商品销售!G21 -> 168000 | E10: =商品销售!G31 -> 72800
A11: 010 | B11: 洗发水 | C11: =商品销售!G12 -> 2925 | D11: =商品销售!G22 -> 2925 | E11: =商品销售!G32 -> 2080

Sheet 奥运奖牌
A1: 奥运奖牌榜
A2: 国家 | B2: 金牌 | C2: 银牌 | D2: 铜牌 | E2: 总奖牌数
A3: 美国 | B3: 35 | C3: 39 | D3: 29 | E3: =SUM(B3:D3) -> 103
A4: 中国 | B4: 32 | C4: 17 | D4: 14 | E4: =SUM(B4:D4) -> 63
A5: 俄罗斯 | B5: 27 | C5: 27 | D5: 38 | E5: =SUM(B5:D5) -> 92
A6: 澳大利亚 | B6: 17 | C6: 16 | D6: 16 | E6: =SUM(B6:D6) -> 49
A7: 日本 | B7: 16 | C7: 9 | D7: 12 | E7: =SUM(B7:D7) -> 37
A8: 德国 | B8: 14 | C8: 16 | D8: 18 | E8: =SUM(B8:D8) -> 48
A9: 法国 | B9: 11 | C9: 9 | D9: 13 | E9: =SUM(B9:D9) -> 33
A10: 意大利 | B10: 10 | C10: 11 | D10: 11 | E10: =SUM(B10:D10) -> 32
A11: 韩国 | B11: 9 | C11: 12 | D11: 9 | E11: =SUM(B11:D11) -> 30
A12: 英国 | B12: 9 | C12: 9 | D12: 12 | E12: =SUM(B12:D12) -> 30
A13: 古巴 | B13: 9 | C13: 7 | D13: 11 | E13: =SUM(B13:D13) -> 27
A14: 乌克兰 | B14: 9 | C14: 5 | D14: 8 | E14: =SUM(B14:D14) -> 22
... A24: 波兰 | B24: 3 | C24: 2 | D24: 5 | E24: =SUM(B24:D24) -> 10
B26: 金牌 | C26: 银牌
B27: >=10 | C27: >=10

Sheet 优秀团队
A1: 国家 | B1: 金牌 | C1: 银牌 | D1: 铜牌 | E1: 总奖牌数
A2: 美国 | B2: 35 | C2: 39 | D2: 29 | E2: 103
A3: 中国 | B3: 32 | C3: 17 | D3: 14 | E3: 63
A4: 俄罗斯 | B4: 27 | C4: 27 | D4: 38 | E4: 92
A5: 澳大利亚 | B5: 17 | C5: 16 | D5: 16 | E5: 49
A6: 德国 | B6: 14 | C6: 16 | D6: 18 | E6: 48
A7: 意大利 | B7: 10 | C7: 11 | D7: 11 | E7: 32
