Workbook

Sheet 一模技能成绩表
A1: 2018年计算机专业高三技能成绩汇总表
A2: 考试号 | B2: 性别 | C2: 姓名 | D2: 中文打字 | E2: Word | F2: Excel | G2: DW | H2: PS | I2: 程序填空 | J2: 程序改错 | K2: 程序设计
A3: jc101 | B3: 女 | C3: 褚梦佳 | D3: 50 | E3: 40 | F3: 40 | G3: 48.3 | H3: 40 | I3: 20 | J3: 30 | K3: 30
A4: jc102 | B4: 女 | C4: 蔡敏梅 | D4: 50 | E4: 40 | F4: 40 | G4: 50 | H4: 40 | I4: 20 | J4: 30 | K4: 30
A5: jc103 | B5: 女 | C5: 赵林莉 | D5: 50 | E5: 35.7 | F5: 37.6 | G5: 27.6 | H5: 40 | I5: 20 | J5: 30 | K5: 1.4
A6: jc104 | B6: 男 | C6: 糜义杰 | D6: 50 | E6: 37 | F6: 36 | G6: 23.2 | H6: 36 | I6: 0 | J6: 0 | K6: 0
A7: jc105 | B7: 女 | C7: 周丽萍 | D7: 50 | E7: 40 | F7: 39.2 | G7: 44.6 | H7: 40 | I7: 20 | J7: 0 | K7: 4.5
A8: jc106 | B8: 女 | C8: 王英 | D8: 50 | E8: 39.1 | F8: 38.4 | G8: 19 | H8: 40 | I8: 20 | J8: 20 | K8: 1.4
A9: jc107 | B9: 男 | C9: 陈子雅 | D9: 50 | E9: 37.4 | F9: 40 | G9: 50 | H9: 40 | I9: 20 | J9: 30 | K9: 30
A10: jc108 | B10: 女 | C10: 周文洁 | D10: 50 | E10: 40 | F10: 40 | G10: 48.3 | H10: 40 | I10: 20 | J10: 30 | K10: 30
A11: jc109 | B11: 男 | C11: 成立 | D11: 33 | E11: 40 | F11: 27 | G11: 16 | H11: 16 | I11: 10 | J11: 6 | K11: 20
A12: jc110 | B12: 男 | C12: 陈晖 | D12: 22 | E12: 37.6 | F12: 26 | G12: 17 | H12: 40 | I12: 19 | J12: 10 | K12: 19
A13: jc111 | B13: 女 | C13: 王玉芳 | D13: 26 | E13: 36 | F13: 34 | G13: 16 | H13: 37.6 | I13: 17 | J13: 7 | K13: 16
A14: jc112 | B14: 女 | C14: 邵艳 | D14: 24 | E14: 39.2 | F14: 20 | G14: 15 | H14: 36 | I14: 19 | J14: 10 | K14: 13
... A32: jc130 | B32: 男 | C32: 丁明亚 | D32: 16 | E32: 36 | F32: 4 | G32: 33 | H32: 20 | I32: 16 | J32: 10 | K32: 9

Sheet Sheet2
A2: 学号 | B2: 性别 | C2: 姓名 | D2: 中文打字 | E2: Word | F2: Excel | G2: DW | H2: PS | I2: 程序填空 | J2: 程序改错 | K2: 程序设计 | L2: 总分
A3: =MID(一模技能成绩表!$A3,4,2) -> 01 | B3: 女 | C3: 褚梦佳 | D3: 50 | E3: 40 | F3: 40 | G3: 48.3 | H3: 40 | I3: 20 | J3: 30 | K3: 30 | L3: =SUM(D3:K3) -> 298.3
A4: =MID(一模技能成绩表!$A4,4,2) -> 02 | B4: 女 | C4: 蔡敏梅 | D4: 50 | E4: 40 | F4: 40 | G4: 50 | H4: 40 | I4: 20 | J4: 30 | K4: 30 | L4: =SUM(D4:K4) -> 300
A5: =MID(一模技能成绩表!$A5,4,2) -> 03 | B5: 女 | C5: 赵林莉 | D5: 50 | E5: 35.7 | F5: 37.6 | G5: 27.6 | H5: 40 | I5: 20 | J5: 30 | K5: 1.4 | L5: =SUM(D5:K5) -> 242.3
A6: =MID(一模技能成绩表!$A6,4,2) -> 04 | B6: 男 | C6: 糜义杰 | D6: 50 | E6: 37 | F6: 36 | G6: 23.2 | H6: 36 | I6: 0 | J6: 0 | K6: 0 | L6: =SUM(D6:K6) -> 182.2
A7: =MID(一模技能成绩表!$A7,4,2) -> 05 | B7: 女 | C7: 周丽萍 | D7: 50 | E7: 40 | F7: 39.2 | G7: 44.6 | H7: 40 | I7: 20 | J7: 0 | K7: 4.5 | L7: =SUM(D7:K7) -> 238.3
A8: =MID(一模技能成绩表!$A8,4,2) -> 06 | B8: 女 | C8: 王英 | D8: 50 | E8: 39.1 | F8: 38.4 | G8: 19 | H8: 40 | I8: 20 | J8: 20 | K8: 1.4 | L8: =SUM(D8:K8) -> 227.9
A9: =MID(一模技能成绩表!$A9,4,2) -> 07 | B9: 男 | C9: 陈子雅 | D9: 50 | E9: 37.4 | F9: 40 | G9: 50 | H9: 40 | I9: 20 | J9: 30 | K9: 30 | L9: =SUM(D9:K9) -> 297.4
A10: =MID(一模技能成绩表!$A10,4,2) -> 08 | B10: 女 | C10: 周文洁 | D10: 50 | E10: 40 | F10: 40 | G10: 48.3 | H10: 40 | I10: 20 | J10: 30 | K10: 30 | L10: =SUM(D10:K10) -> 298.3
A11: =MID(一模技能成绩表!$A11,4,2) -> 09 | B11: 男 | C11: 成立 | D11: 33 | E11: 40 | F11: 27 | G11: 16 | H11: 16 | I11: 10 | J11: 6 | K11: 20 | L11: =SUM(D11:K11) -> 168
A12: =MID(一模技能成绩表!$A12,4,2) -> 10 | B12: 男 | C12: 陈晖 | D12: 22 | E12: 37.6 | F12: 26 | G12: 17 | H12: 40 | I12: 19 | J12: 10 | K12: 19 | L12: =SUM(D12:K12) -> 190.6
A13: =MID(一模技能成绩表!$A13,4,2) -> 11 | B13: 女 | C13: 王玉芳 | D13: 26 | E13: 36 | F13: 34 | G13: 16 | H13: 37.6 | I13: 17 | J13: 7 | K13: 16 | L13: =SUM(D13:K13) -> 189.6
A14: =MID(一模技能成绩表!$A14,4,2) -> 12 | B14: 女 | C14: 邵艳 | D14: 24 | E14: 39.2 | F14: 20 | G14: 15 | H14: 36 | I14: 19 | J14: 10 | K14: 13 | L14: =SUM(D14:K14) -> 176.2
... A32: =MID(一模技能成绩表!$A32,4,2) -> 30 | B32: 男 | C32: 丁明亚 | D32: 16 | E32: 36 | F32: 4 | G32: 33 | H32: 20 | I32: 16 | J32: 10 | K32: 9 | L32: =SUM(D32:K32) -> 144

Sheet 筛选
A1: 中文打字 | B1: 总分
A2: <30 | B2: <220
A5: 学号 | B5: 性别 | C5: 姓名 | D5: 中文打字 | E5: Word | F5: Excel | G5: DW | H5: PS | I5: 程序填空 | J5: 程序改错 | K5: 程序设计 | L5: 总分
A6: 10 | B6: 男 | C6: 陈晖 | D6: 22 | E6: 37.6 | F6: 26 | G6: 17 | H6: 40 | I6: 19 | J6: 10 | K6: 19 | L6: 190.6
A7: 11 | B7: 女 | C7: 王玉芳 | D7: 26 | E7: 36 | F7: 34 | G7: 16 | H7: 37.6 | I7: 17 | J7: 7 | K7: 16 | L7: 189.6
A8: 12 | B8: 女 | C8: 邵艳 | D8: 24 | E8: 39.2 | F8: 20 | G8: 15 | H8: 36 | I8: 19 | J8: 10 | K8: 13 | L8: 176.2
A9: 13 | B9: 男 | C9: 殷岳峰 | D9: 23 | E9: 38.4 | F9: 33 | G9: 20 | H9: 39.2 | I9: 14 | J9: 7 | K9: 4 | L9: 178.6
A10: 14 | B10: 女 | C10: 董红 | D10: 15 | E10: 40 | F10: 27 | G10: 19 | H10: 38.4 | I10: 16 | J10: 10 | K10: 16 | L10: 181.4
A11: 18 | B11: 男 | C11: 曹淤青 | D11: 27 | E11: 16 | F11: 16 | G11: 35 | H11: 20 | I11: 18 | J11: 10 | K11: 19 | L11: 161
A12: 21 | B12: 女 | C12: 谢洁 | D12: 20 | E12: 40 | F12: 36 | G12: 19 | H12: 10 | I12: 16 | J12: 19 | K12: 10 | L12: 170
A13: 23 | B13: 女 | C13: 强兆娣 | D13: 27 | E13: 37 | F13: 38.4 | G13: 16 | H13: 10 | I13: 4 | J13: 18 | K13: 9 | L13: 159.4
A14: 26 | B14: 男 | C14: 谢京平 | D14: 25 | E14: 37.4 | F14: 19 | G14: 32 | H14: 18 | I14: 15 | J14: 10 | K14: 8 | L14: 164.4
A15: 28 | B15: 女 | C15: 顾荣荣 | D15: 26 | E15: 40 | F15: 16 | G15: 27 | H15: 19 | I15: 19 | J15: 10 | K15: 10 | L15: 167
A16: 30 | B16: 男 | C16: 丁明亚 | D16: 16 | E16: 36 | F16: 4 | G16: 33 | H16: 20 | I16: 16 | J16: 10 | K16: 9 | L16: 144

Sheet 分类汇总
A1: 学号 | B1: 性别 | C1: 姓名 | D1: 中文打字 | E1: Word | F1: Excel | G1: DW | H1: PS | I1: 程序填空 | J1: 程序改错 | K1: 程序设计 | L1: 总分
A2: 01 | B2: 女 | C2: 褚梦佳 | D2: 50 | E2: 40 | F2: 40 | G2: 48.3 | H2: 40 | I2: 20 | J2: 30 | K2: 30 | L2: 298.3
A3: 02 | B3: 女 | C3: 蔡敏梅 | D3: 50 | E3: 40 | F3: 40 | G3: 50 | H3: 40 | I3: 20 | J3: 30 | K3: 30 | L3: 300
A4: 03 | B4: 女 | C4: 赵林莉 | D4: 50 | E4: 35.7 | F4: 37.6 | G4: 27.6 | H4: 40 | I4: 20 | J4: 30 | K4: 1.4 | L4: 242.3
A5: 05 | B5: 女 | C5: 周丽萍 | D5: 50 | E5: 40 | F5: 39.2 | G5: 44.6 | H5: 40 | I5: 20 | J5: 0 | K5: 4.5 | L5: 238.3
A6: 06 | B6: 女 | C6: 王英 | D6: 50 | E6: 39.1 | F6: 38.4 | G6: 19 | H6: 40 | I6: 20 | J6: 20 | K6: 1.4 | L6: 227.9
A7: 08 | B7: 女 | C7: 周文洁 | D7: 50 | E7: 40 | F7: 40 | G7: 48.3 | H7: 40 | I7: 20 | J7: 30 | K7: 30 | L7: 298.3
A8: 11 | B8: 女 | C8: 王玉芳 | D8: 26 | E8: 36 | F8: 34 | G8: 16 | H8: 37.6 | I8: 17 | J8: 7 | K8: 16 | L8: 189.6
A9: 12 | B9: 女 | C9: 邵艳 | D9: 24 | E9: 39.2 | F9: 20 | G9: 15 | H9: 36 | I9: 19 | J9: 10 | K9: 13 | L9: 176.2
A10: 14 | B10: 女 | C10: 董红 | D10: 15 | E10: 40 | F10: 27 | G10: 19 | H10: 38.4 | I10: 16 | J10: 10 | K10: 16 | L10: 181.4
A11: 15 | B11: 女 | C11: 王海霞 | D11: 50 | E11: 40 | F11: 39.2 | G11: 18 | H11: 40 | I11: 16 | J11: 10 | K11: 18 | L11: 231.2
A12: 16 | B12: 女 | C12: 闫静 | D12: 50 | E12: 39.1 | F12: 38.4 | G12: 34 | H12: 20 | I12: 20 | J12: 10 | K12: 15 | L12: 226.5
A13: 17 | B13: 女 | C13: 裴娟娟 | D13: 40 | E13: 40 | F13: 40 | G13: 28 | H13: 19 | I13: 15 | J13: 10 | K13: 20 | L13: 212
... A21: 29 | B21: 女 | C21: 钱继英 | D21: 35 | E21: 37.6 | F21: 13 | G21: 30 | H21: 20 | I21: 19 | J21: 10 | K21: 8 | L21: 172.6
B22: 女 平均值 | E22: =SUBTOTAL(1,E2:E21) -> 36.835 | F22: =SUBTOTAL(1,F2:F21) -> 33.69 | G22: =SUBTOTAL(1,G2:G21) -> 28.74 | L22: =SUBTOTAL(1,L2:L21) -> 212.29
A23: 04 | B23: 男 | C23: 糜义杰 | D23: 50 | E23: 37 | F23: 36 | G23: 23.2 | H23: 36 | I23: 0 | J23: 0 | K23: 0 | L23: 182.2
A24: 07 | B24: 男 | C24: 陈子雅 | D24: 50 | E24: 37.4 | F24: 40 | G24: 50 | H24: 40 | I24: 20 | J24: 30 | K24: 30 | L24: 297.4
A25: 09 | B25: 男 | C25: 成立 | D25: 33 | E25: 40 | F25: 27 | G25: 16 | H25: 16 | I25: 10 | J25: 6 | K25: 20 | L25: 168
A26: 10 | B26: 男 | C26: 陈晖 | D26: 22 | E26: 37.6 | F26: 26 | G26: 17 | H26: 40 | I26: 19 | J26: 10 | K26: 19 | L26: 190.6
A27: 13 | B27: 男 | C27: 殷岳峰 | D27: 23 | E27: 38.4 | F27: 33 | G27: 20 | H27: 39.2 | I27: 14 | J27: 7 | K27: 4 | L27: 178.6
A28: 18 | B28: 男 | C28: 曹淤青 | D28: 27 | E28: 16 | F28: 16 | G28: 35 | H28: 20 | I28: 18 | J28: 10 | K28: 19 | L28: 161
A29: 22 | B29: 男 | C29: 杨学胜 | D29: 33 | E29: 35.7 | F29: 39.2 | G29: 14 | H29: 7 | I29: 13 | J29: 17 | K29: 10 | L29: 168.9
A30: 25 | B30: 男 | C30: 汤勇 | D30: 35 | E30: 39.1 | F30: 19 | G30: 30 | H30: 18 | I30: 18 | J30: 10 | K30: 8 | L30: 177.1
A31: 26 | B31: 男 | C31: 谢京平 | D31: 25 | E31: 37.4 | F31: 19 | G31: 32 | H31: 18 | I31: 15 | J31: 10 | K31: 8 | L31: 164.4
A32: 30 | B32: 男 | C32: 丁明亚 | D32: 16 | E32: 36 | F32: 4 | G32: 33 | H32: 20 | I32: 16 | J32: 10 | K32: 9 | L32: 144
B33: 男 平均值 | E33: =SUBTOTAL(1,E23:E32) -> 35.46 | F33: =SUBTOTAL(1,F23:F32) -> 25.92 | G33: =SUBTOTAL(1,G23:G32) -> 27.02 | L33: =SUBTOTAL(1,L23:L32) -> 183.22
B34: 总计平均值 | E34: =SUBTOTAL(1,E2:E32) -> 36.376667 | F34: =SUBTOTAL(1,F2:F32) -> 31.1 | G34: =SUBTOTAL(1,G2:G32) -> 28.166667 | L34: =SUBTOTAL(1,L2:L32) -> 202.6

Sheet 图表
