Workbook

Sheet Sheet1
A1: 某校九年级学生模拟考试成绩统计表
A2: 班级 | B2: 姓名 | C2: 性别 | D2: 语文 | E2: 数学 | F2: 英语 | G2: 物理 | H2: 化学 | I2: 政治 | J2: 历史 | K2: 总分
A3: 九一班 | B3: 端正 | C3: 女 | D3: 115 | E3: 120 | F3: 125 | G3: 89 | H3: 57 | I3: 43 | J3: 45 | K3: =SUM(D3:J3) -> 594
A4: 九一班 | B4: 施雨伶 | C4: 女 | D4: 128 | E4: 121 | F4: 124 | G4: 75 | H4: 60 | I4: 44 | J4: 40 | K4: =SUM(D4:J4) -> 592
A5: 九一班 | B5: 崔莺 | C5: 女 | D5: 117 | E5: 134 | F5: 140 | G5: 79 | H5: 48 | I5: 30 | J5: 38 | K5: =SUM(D5:J5) -> 586
A6: 九一班 | B6: 施成博 | C6: 女 | D6: 118 | E6: 125 | F6: 118 | G6: 75 | H6: 49 | I6: 47 | J6: 44 | K6: =SUM(D6:J6) -> 576
A7: 九一班 | B7: 刘千益 | C7: 男 | D7: 90 | E7: 125 | F7: 135 | G7: 71 | H7: 51 | I7: 40 | J7: 34 | K7: =SUM(D7:J7) -> 546
A8: 九一班 | B8: 刘青松 | C8: 男 | D8: 103 | E8: 115 | F8: 125 | G8: 57 | H8: 50 | I8: 45 | J8: 40 | K8: =SUM(D8:J8) -> 535
A9: 九一班 | B9: 陆豪松 | C9: 女 | D9: 106 | E9: 95 | F9: 128 | G9: 74 | H9: 40 | I9: 43 | J9: 38 | K9: =SUM(D9:J9) -> 524
A10: 九一班 | B10: 蔡凤凰 | C10: 女 | D10: 117 | E10: 140 | F10: 85 | G10: 70 | H10: 25 | I10: 35 | J10: 37 | K10: =SUM(D10:J10) -> 509
A11: 九二班 | B11: 王博文 | C11: 男 | D11: 112 | E11: 135 | F11: 110 | G11: 75 | H11: 58 | I11: 43 | J11: 42 | K11: =SUM(D11:J11) -> 575
A12: 九二班 | B12: 黄成益 | C12: 女 | D12: 118 | E12: 130 | F12: 102 | G12: 86 | H12: 54 | I12: 43 | J12: 38 | K12: =SUM(D12:J12) -> 571
A13: 九二班 | B13: 刘之涵 | C13: 男 | D13: 95 | E13: 118 | F13: 111 | G13: 84 | H13: 58 | I13: 40 | J13: 42 | K13: =SUM(D13:J13) -> 548
A14: 九二班 | B14: 邵天一 | C14: 男 | D14: 110 | E14: 111 | F14: 114 | G14: 71 | H14: 48 | I14: 46 | J14: 41 | K14: =SUM(D14:J14) -> 541
... A25: 九三班 | B25: 仇天成 | C25: 男 | D25: 84 | E25: 92 | F25: 127 | G25: 59 | H25: 49 | I25: 45 | J25: 44 | K25: =SUM(D25:J25) -> 500

Sheet 不同班级学生总分最高值与平均值比较表
A1: 不同班级学生总分最高分与平均分比较表
A2: 班级 | B2: 最高分 | C2: 平均分
A3: 九一班 | B3: =MAX(Sheet1!$K$3:$K$10) -> 594 | C3: =AVERAGE(Sheet1!$K$3:$K$10) -> 557.75
A4: 九二班 | B4: =MAX(Sheet1!$K$11:$K$18) -> 575 | C4: =AVERAGE(Sheet1!$K$11:$K$18) -> 534.25
A5: 九三班 | B5: =MAX(Sheet1!$K$19:$K$25) -> 651 | C5: =AVERAGE(Sheet1!$K$19:$K$25) -> 554.28571

Sheet 筛选
A1: 班级 | B1: 总分
A2: 九三班 | B2: >=600
B6: 班级 | C6: 姓名 | D6: 性别 | E6: 语文 | F6: 数学 | G6: 英语 | H6: 物理 | I6: 化学 | J6: 政治 | K6: 历史 | L6: 总分
B7: 九三班 | C7: 施怡辰 | D7: 男 | E7: 120 | F7: 148 | G7: 145 | H7: 89 | I7: 60 | J7: 44 | K7: 45 | L7: 651
B8: 九三班 | C8: 陆菁菁 | D8: 女 | E8: 124 | F8: 146 | G8: 112 | H8: 87 | I8: 58 | J8: 45 | K8: 37 | L8: 609
