Workbook

Sheet 劳动局人员月工资表
A1: 劳动局全体人员七月份工资汇总表
A2: 工号 | B2: 姓名 | C2: 性别 | D2: 出生日期 | E2: 职务 | F2: 基本工资 | G2: 职务工资 | H2: 加班工资 | I2: 扣除 | J2: 实发工资
A3: GH4003 | B3: 张东生 | C3: 男 | D3: 1953.4.25 | E3: 科长 | F3: 3450 | G3: 570 | H3: 79 | I3: 30.2 | J3: =F3+G3+H3-I3 -> 4068.8
A4: GH4002 | B4: 沈小鹏 | C4: 男 | D4: 1954.9.10 | E4: 科长 | F4: 3450 | G4: 570 | H4: 500.5 | I4: 20.5 | J4: =F4+G4+H4-I4 -> 4500
A5: GH4019 | B5: 施燕 | C5: 女 | D5: 1960.7.21 | E5: 科长 | F5: 3460 | G5: 550 | H5: 155 | I5: 42 | J5: =F5+G5+H5-I5 -> 4123
A6: GH4016 | B6: 陆正飞 | C6: 男 | D6: 1965.11.5 | E6: 科长 | F6: 3480 | G6: 546 | H6: 180 | I6: 15 | J6: =F6+G6+H6-I6 -> 4191
A7: GH4007 | B7: 钟丽华 | C7: 女 | D7: 1970.8.12 | E7: 科长 | F7: 3420 | G7: 500 | H7: 127 | I7: 78 | J7: =F7+G7+H7-I7 -> 3969
A8: GH4012 | B8: 朱飞鹰 | C8: 男 | D8: 1970.8.20 | E8: 科长 | F8: 2500 | G8: 550 | H8: 200 | I8: 22 | J8: =F8+G8+H8-I8 -> 3228
A9: GH4004 | B9: 周吉 | C9: 女 | D9: 1954.12.24 | E9: 副科长 | F9: 2300 | G9: 456 | H9: 157.5 | I9: 36.5 | J9: =F9+G9+H9-I9 -> 2877
A10: GH4014 | B10: 康邵一 | C10: 女 | D10: 1966.2.8 | E10: 副科长 | F10: 2350 | G10: 455 | H10: 272 | I10: 78 | J10: =F10+G10+H10-I10 -> 2999
A11: GH4006 | B11: 姚万华 | C11: 女 | D11: 1970.10.24 | E11: 副科长 | F11: 2438 | G11: 452 | H11: 35.5 | I11: 6.8 | J11: =F11+G11+H11-I11 -> 2918.7
A12: GH4008 | B12: 朱小红 | C12: 女 | D12: 1976.10.5 | E12: 副科长 | F12: 2258 | G12: 450 | H12: 230 | I12: 52 | J12: =F12+G12+H12-I12 -> 2886
A13: GH4017 | B13: 叶庆 | C13: 女 | D13: 1979.5.15 | E13: 副科长 | F13: 2380 | G13: 460 | H13: 200 | I13: 40 | J13: =F13+G13+H13-I13 -> 3000
A14: GH4011 | B14: 姜小波 | C14: 男 | D14: 1988.11.25 | E14: 副科长 | F14: 3200 | G14: 450 | H14: 187 | I14: 84 | J14: =F14+G14+H14-I14 -> 3753
... A21: GH4015 | B21: 杨铁 | C21: 男 | D21: 1987.4.14 | E21: 科员 | F21: 1845 | G21: 165 | H21: 145 | I21: 26 | J21: =F21+G21+H21-I21 -> 2129

Sheet 不同职务人员基本工资比较表
A1: 不同职务人员基本工资的最低值与平均值比较表
A2: 职务 | B2: 最低值 | C2: 平均值
A3: 科长 | B3: =MIN(劳动局人员月工资表!$F$3:$F$8) -> 2500 | C3: =AVERAGE(劳动局人员月工资表!$F$3:$F$8) -> 3293.3333
A4: 副科长 | B4: =MIN(劳动局人员月工资表!$F$9:$F$14) -> 2258 | C4: =AVERAGE(劳动局人员月工资表!$F$9:$F$14) -> 2487.6667
A5: 职员 | B5: =MIN(劳动局人员月工资表!$F$15:$F$21) -> 1832 | C5: =AVERAGE(劳动局人员月工资表!$F$15:$F$21) -> 1897.7143

Sheet 筛选
A1: 职务 | B1: 基本工资
A2: 科长 | B2: >3450
A7: 工号 | B7: 姓名 | C7: 性别 | D7: 出生日期 | E7: 职务 | F7: 基本工资 | G7: 职务工资 | H7: 加班工资 | I7: 扣除 | J7: 实发工资
A8: GH4016 | B8: 陆正飞 | C8: 男 | D8: 1965.11.5 | E8: 科长 | F8: 3480 | G8: 546 | H8: 180 | I8: 15 | J8: 4191
A9: GH4019 | B9: 施燕 | C9: 女 | D9: 1960.7.21 | E9: 科长 | F9: 3460 | G9: 550 | H9: 155 | I9: 42 | J9: 4123

Sheet 图表
A1: 劳动局全体人员七月份工资汇总表
A2: 工号 | B2: 姓名 | C2: 性别 | D2: 出生日期 | E2: 职务 | F2: 基本工资 | G2: 职务工资 | H2: 加班工资 | I2: 扣除 | J2: 实发工资
A3: GH4002 | B3: 沈小鹏 | C3: 男 | D3: 1954.9.10 | E3: 科长 | F3: 3450 | G3: 570 | H3: 500.5 | I3: 20.5 | J3: =F3+G3+H3-I3 -> 4500
A4: GH4003 | B4: 张东生 | C4: 男 | D4: 1953.4.25 | E4: 科长 | F4: 3450 | G4: 570 | H4: 79 | I4: 30.2 | J4: =F4+G4+H4-I4 -> 4068.8
A5: GH4004 | B5: 周吉 | C5: 女 | D5: 1954.12.24 | E5: 副科长 | F5: 2300 | G5: 456 | H5: 157.5 | I5: 36.5 | J5: =F5+G5+H5-I5 -> 2877
A6: GH4005 | B6: 李前奏 | C6: 男 | D6: 1972.8.20 | E6: 科员 | F6: 2050 | G6: 120 | H6: 106 | I6: 21 | J6: =F6+G6+H6-I6 -> 2255
A7: GH4006 | B7: 姚万华 | C7: 女 | D7: 1970.10.24 | E7: 副科长 | F7: 2438 | G7: 452 | H7: 35.5 | I7: 6.8 | J7: =F7+G7+H7-I7 -> 2918.7
A8: GH4007 | B8: 钟丽华 | C8: 女 | D8: 1970.8.12 | E8: 科长 | F8: 3420 | G8: 500 | H8: 127 | I8: 78 | J8: =F8+G8+H8-I8 -> 3969
A9: GH4008 | B9: 朱小红 | C9: 女 | D9: 1976.10.5 | E9: 副科长 | F9: 2258 | G9: 450 | H9: 230 | I9: 52 | J9: =F9+G9+H9-I9 -> 2886
A10: GH4009 | B10: 李琳 | C10: 女 | D10: 1977.1.3 | E10: 科员 | F10: 1950 | G10: 180 | H10: 100 | I10: 46 | J10: =F10+G10+H10-I10 -> 2184
A11: GH4010 | B11: 高美霞 | C11: 女 | D11: 1965.3.2 | E11: 科员 | F11: 1900 | G11: 178 | H11: 156 | I11: 0 | J11: =F11+G11+H11-I11 -> 2234
A12: GH4011 | B12: 姜小波 | C12: 男 | D12: 1988.11.25 | E12: 副科长 | F12: 3200 | G12: 450 | H12: 187 | I12: 84 | J12: =F12+G12+H12-I12 -> 3753
A13: GH4012 | B13: 朱飞鹰 | C13: 男 | D13: 1970.8.20 | E13: 科长 | F13: 2500 | G13: 550 | H13: 200 | I13: 22 | J13: =F13+G13+H13-I13 -> 3228
A14: GH4013 | B14: 张旭 | C14: 男 | D14: 1977.4.5 | E14: 科员 | F14: 1862 | G14: 175 | H14: 178 | I14: 0 | J14: =F14+G14+H14-I14 -> 2215
... A21: GH4020 | B21: 仇欣欣 | C21: 女 | D21: 1964.5.6 | E21: 科员 | F21: 1845 | G21: 180 | H21: 324 | I21: 0 | J21: =F21+G21+H21-I21 -> 2349
