Workbook

Sheet Sheet1
A1: 各城市参赛歌手名单
A2: 姓名 | B2: 城市 | C2: 性别 | D2: 评分1 | E2: 评分2 | F2: 评分3 | G2: 评分4 | H2: 评分5 | I2: 评分6 | J2: 总分 | K2: 平均分 | L2: 最高分 | M2: 最低分 | N2: 最终得分
A3: 李婷 | B3: 江苏 | C3: 女 | D3: 8.9 | E3: 9.1 | F3: 8.5 | G3: 8.7 | H3: 9 | I3: 8.9 | J3: =SUM(D3:I3) -> 53.1 | K3: =AVERAGE(D3:I3) -> 8.85 | L3: =MAX(D3:I3) -> 9.1 | M3: =MIN(D3:I3) -> 8.5 | N3: =J3-L3-M3 -> 35.5
A4: 王萍 | B4: 浙江 | C4: 女 | D4: 6.8 | E4: 7.5 | F4: 7 | G4: 7.2 | H4: 6.5 | I4: 9 | J4: =SUM(D4:I4) -> 44 | K4: =AVERAGE(D4:I4) -> 7.3333333 | L4: =MAX(D4:I4) -> 9 | M4: =MIN(D4:I4) -> 6.5 | N4: =J4-L4-M4 -> 28.5
A5: 李晓丽 | B5: 上海 | C5: 男 | D5: 8.9 | E5: 8.9 | F5: 9 | G5: 9.1 | H5: 8 | I5: 7.9 | J5: =SUM(D5:I5) -> 51.8 | K5: =AVERAGE(D5:I5) -> 8.6333333 | L5: =MAX(D5:I5) -> 9.1 | M5: =MIN(D5:I5) -> 7.9 | N5: =J5-L5-M5 -> 34.8
A6: 刘评 | B6: 江苏 | C6: 女 | D6: 7.5 | E6: 7 | F6: 7.2 | G6: 6.9 | H6: 8.9 | I6: 6 | J6: =SUM(D6:I6) -> 43.5 | K6: =AVERAGE(D6:I6) -> 7.25 | L6: =MAX(D6:I6) -> 8.9 | M6: =MIN(D6:I6) -> 6 | N6: =J6-L6-M6 -> 28.6
A7: 闻静 | B7: 上海 | C7: 女 | D7: 5.5 | E7: 6 | F7: 5 | G7: 5.6 | H7: 9 | I7: 9.2 | J7: =SUM(D7:I7) -> 40.3 | K7: =AVERAGE(D7:I7) -> 6.7166667 | L7: =MAX(D7:I7) -> 9.2 | M7: =MIN(D7:I7) -> 5 | N7: =J7-L7-M7 -> 26.1
A8: 李理 | B8: 上海 | C8: 男 | D8: 9 | E8: 8.9 | F8: 8.9 | G8: 8.5 | H8: 8.4 | I8: 6.5 | J8: =SUM(D8:I8) -> 50.2 | K8: =AVERAGE(D8:I8) -> 8.3666667 | L8: =MAX(D8:I8) -> 9 | M8: =MIN(D8:I8) -> 6.5 | N8: =J8-L8-M8 -> 34.7
A9: 张路 | B9: 浙江 | C9: 男 | D9: 7.5 | E9: 8 | F9: 7.9 | G9: 7.6 | H9: 9 | I9: 9.2 | J9: =SUM(D9:I9) -> 49.2 | K9: =AVERAGE(D9:I9) -> 8.2 | L9: =MAX(D9:I9) -> 9.2 | M9: =MIN(D9:I9) -> 7.5 | N9: =J9-L9-M9 -> 32.5
A10: 蔡晓 | B10: 上海 | C10: 女 | D10: 9.2 | E10: 9 | F10: 8.9 | G10: 9 | H10: 7.5 | I10: 6 | J10: =SUM(D10:I10) -> 49.6 | K10: =AVERAGE(D10:I10) -> 8.2666667 | L10: =MAX(D10:I10) -> 9.2 | M10: =MIN(D10:I10) -> 6 | N10: =J10-L10-M10 -> 34.4
A11: 陈芮 | B11: 江苏 | C11: 女 | D11: 6 | E11: 5 | F11: 5 | G11: 6 | H11: 9.2 | I11: 8.3 | J11: =SUM(D11:I11) -> 39.5 | K11: =AVERAGE(D11:I11) -> 6.5833333 | L11: =MAX(D11:I11) -> 9.2 | M11: =MIN(D11:I11) -> 5 | N11: =J11-L11-M11 -> 25.3
A12: 刘立 | B12: 江苏 | C12: 男 | D12: 8.3 | E12: 5.5 | F12: 7.5 | G12: 8.9 | H12: 5.5 | I12: 6 | J12: =SUM(D12:I12) -> 41.7 | K12: =AVERAGE(D12:I12) -> 6.95 | L12: =MAX(D12:I12) -> 8.9 | M12: =MIN(D12:I12) -> 5.5 | N12: =J12-L12-M12 -> 27.3
A13: 孙思思 | B13: 上海 | C13: 女 | D13: 6.5 | E13: 9 | F13: 9.2 | G13: 7 | H13: 9 | I13: 8.9 | J13: =SUM(D13:I13) -> 49.6 | K13: =AVERAGE(D13:I13) -> 8.2666667 | L13: =MAX(D13:I13) -> 9.2 | M13: =MIN(D13:I13) -> 6.5 | N13: =J13-L13-M13 -> 33.9
A14: 张平 | B14: 浙江 | C14: 男 | D14: 9.2 | E14: 7.5 | F14: 6 | G14: 6 | H14: 7.5 | I14: 8 | J14: =SUM(D14:I14) -> 44.2 | K14: =AVERAGE(D14:I14) -> 7.3666667 | L14: =MAX(D14:I14) -> 9.2 | M14: =MIN(D14:I14) -> 6 | N14: =J14-L14-M14 -> 29
... A24: 郑直 | B24: 江苏 | C24: 男 | D24: 8.4 | E24: 5.3 | F24: 9.2 | G24: 9 | H24: 6.7 | I24: 9.2 | J24: =SUM(D24:I24) -> 47.8 | K24: =AVERAGE(D24:I24) -> 7.9666667 | L24: =MAX(D24:I24) -> 9.2 | M24: =MIN(D24:I24) -> 5.3 | N24: =J24-L24-M24 -> 33.3

Sheet 最佳歌手名单
A1: 各城市参赛歌手名单
A2: 姓名 | B2: 城市 | C2: 性别 | D2: 性别代码 | E2: 评分1 | F2: 评分2 | G2: 评分3 | H2: 评分4 | I2: 评分5 | J2: 评分6 | K2: 总分 | L2: 平均分 | M2: 最高分 | N2: 最低分 | O2: 最终得分 | P2: 名次
A3: 李婷 | B3: 江苏 | C3: 女 | D3: =IF(C3="男","F","M") -> M | E3: 8.9 | F3: 9.1 | G3: 8.5 | H3: 8.7 | I3: 9 | J3: 8.9 | K3: 53.1 | L3: 8.85 | M3: 9.1 | N3: 8.5 | O3: 35.5 | P3: =RANK(O3,$O$3:$O$24) -> 1
A4: 王萍 | B4: 浙江 | C4: 女 | D4: =IF(C4="男","F","M") -> M | E4: 6.8 | F4: 7.5 | G4: 7 | H4: 7.2 | I4: 6.5 | J4: 9 | K4: 44 | L4: 7.3333333 | M4: 9 | N4: 6.5 | O4: 28.5 | P4: =RANK(O4,$O$3:$O$24) -> 17
A5: 李晓丽 | B5: 上海 | C5: 男 | D5: =IF(C5="男","F","M") -> F | E5: 8.9 | F5: 8.9 | G5: 9 | H5: 9.1 | I5: 8 | J5: 7.9 | K5: 51.8 | L5: 8.6333333 | M5: 9.1 | N5: 7.9 | O5: 34.8 | P5: =RANK(O5,$O$3:$O$24) -> 2
A6: 刘评 | B6: 江苏 | C6: 女 | D6: =IF(C6="男","F","M") -> M | E6: 7.5 | F6: 7 | G6: 7.2 | H6: 6.9 | I6: 8.9 | J6: 6 | K6: 43.5 | L6: 7.25 | M6: 8.9 | N6: 6 | O6: 28.6 | P6: =RANK(O6,$O$3:$O$24) -> 16
A7: 闻静 | B7: 上海 | C7: 女 | D7: =IF(C7="男","F","M") -> M | E7: 5.5 | F7: 6 | G7: 5 | H7: 5.6 | I7: 9 | J7: 9.2 | K7: 40.3 | L7: 6.7166667 | M7: 9.2 | N7: 5 | O7: 26.1 | P7: =RANK(O7,$O$3:$O$24) -> 21
A8: 李理 | B8: 上海 | C8: 男 | D8: =IF(C8="男","F","M") -> F | E8: 9 | F8: 8.9 | G8: 8.9 | H8: 8.5 | I8: 8.4 | J8: 6.5 | K8: 50.2 | L8: 8.3666667 | M8: 9 | N8: 6.5 | O8: 34.7 | P8: =RANK(O8,$O$3:$O$24) -> 3
A9: 张路 | B9: 浙江 | C9: 男 | D9: =IF(C9="男","F","M") -> F | E9: 7.5 | F9: 8 | G9: 7.9 | H9: 7.6 | I9: 9 | J9: 9.2 | K9: 49.2 | L9: 8.2 | M9: 9.2 | N9: 7.5 | O9: 32.5 | P9: =RANK(O9,$O$3:$O$24) -> 8
A10: 蔡晓 | B10: 上海 | C10: 女 | D10: =IF(C10="男","F","M") -> M | E10: 9.2 | F10: 9 | G10: 8.9 | H10: 9 | I10: 7.5 | J10: 6 | K10: 49.6 | L10: 8.2666667 | M10: 9.2 | N10: 6 | O10: 34.4 | P10: =RANK(O10,$O$3:$O$24) -> 4
A11: 陈芮 | B11: 江苏 | C11: 女 | D11: =IF(C11="男","F","M") -> M | E11: 6 | F11: 5 | G11: 5 | H11: 6 | I11: 9.2 | J11: 8.3 | K11: 39.5 | L11: 6.5833333 | M11: 9.2 | N11: 5 | O11: 25.3 | P11: =RANK(O11,$O$3:$O$24) -> 22
A12: 刘立 | B12: 江苏 | C12: 男 | D12: =IF(C12="男","F","M") -> F | E12: 8.3 | F12: 5.5 | G12: 7.5 | H12: 8.9 | I12: 5.5 | J12: 6 | K12: 41.7 | L12: 6.95 | M12: 8.9 | N12: 5.5 | O12: 27.3 | P12: =RANK(O12,$O$3:$O$24) -> 19
A13: 孙思思 | B13: 上海 | C13: 女 | D13: =IF(C13="男","F","M") -> M | E13: 6.5 | F13: 9 | G13: 9.2 | H13: 7 | I13: 9 | J13: 8.9 | K13: 49.6 | L13: 8.2666667 | M13: 9.2 | N13: 6.5 | O13: 33.9 | P13: =RANK(O13,$O$3:$O$24) -> 6
A14: 张平 | B14: 浙江 | C14: 男 | D14: =IF(C14="男","F","M") -> F | E14: 9.2 | F14: 7.5 | G14: 6 | H14: 6 | I14: 7.5 | J14: 8 | K14: 44.2 | L14: 7.3666667 | M14: 9.2 | N14: 6 | O14: 29 | P14: =RANK(O14,$O$3:$O$24) -> 15
... A24: 郑直 | B24: 江苏 | C24: 男 | D24: =IF(C24="男","F","M") -> F | E24: 8.4 | F24: 5.3 | G24: 9.2 | H24: 9 | I24: 6.7 | J24: 9.2 | K24: 47.8 | L24: 7.9666667 | M24: 9.2 | N24: 5.3 | O24: 33.3 | P24: =RANK(O24,$O$3:$O$24) -> 7

Sheet 筛选
A1: 城市 | B1: 最终得分
A2: 江苏 | B2: >28
B6: 姓名 | C6: 城市 | D6: 性别 | E6: 性别代码 | F6: 评分1 | G6: 评分2 | H6: 评分3 | I6: 评分4 | J6: 评分5 | K6: 评分6 | L6: 总分 | M6: 平均分 | N6: 最高分 | O6: 最低分 | P6: 最终得分 | Q6: 名次
B7: 李婷 | C7: 江苏 | D7: 女 | E7: M | F7: 8.9 | G7: 9.1 | H7: 8.5 | I7: 8.7 | J7: 9 | K7: 8.9 | L7: 53.1 | M7: 8.85 | N7: 9.1 | O7: 8.5 | P7: 35.5 | Q7: 1
B8: 刘评 | C8: 江苏 | D8: 女 | E8: M | F8: 7.5 | G8: 7 | H8: 7.2 | I8: 6.9 | J8: 8.9 | K8: 6 | L8: 43.5 | M8: 7.25 | N8: 8.9 | O8: 6 | P8: 28.6 | Q8: 16
B9: 聂文景 | C9: 江苏 | D9: 女 | E9: M | F9: 9.1 | G9: 8.3 | H9: 7.8 | I9: 9.2 | J9: 5.3 | K9: 6.7 | L9: 46.4 | M9: 7.7333333 | N9: 9.2 | O9: 5.3 | P9: 31.9 | Q9: 9
B10: 刘利 | C10: 江苏 | D10: 男 | E10: F | F10: 6.1 | G10: 7.5 | H10: 8.3 | I10: 5 | J10: 7.9 | K10: 7.6 | L10: 42.4 | M10: 7.0666667 | N10: 8.3 | O10: 5 | P10: 29.1 | Q10: 14
B11: 郑直 | C11: 江苏 | D11: 男 | E11: F | F11: 8.4 | G11: 5.3 | H11: 9.2 | I11: 9 | J11: 6.7 | K11: 9.2 | L11: 47.8 | M11: 7.9666667 | N11: 9.2 | O11: 5.3 | P11: 33.3 | Q11: 7

Sheet 图表
A1: 各地区歌手最高最终得分与平均分比较表
A2: 城市 | B2: 平均分 | C2: 最终得分
A3: 江苏 | B3: =歌手得分排序!K3 -> 8.85 | C3: =歌手得分排序!N3 -> 35.5
A4: 浙江 | B4: =歌手得分排序!K11 -> 8.2 | C4: =歌手得分排序!N11 -> 32.5
A5: 上海 | B5: =歌手得分排序!K17 -> 8.6333333 | C5: =歌手得分排序!N17 -> 34.8

Sheet 歌手得分排序
A1: 各城市参赛歌手名单
A2: 姓名 | B2: 城市 | C2: 性别 | D2: 评分1 | E2: 评分2 | F2: 评分3 | G2: 评分4 | H2: 评分5 | I2: 评分6 | J2: 总分 | K2: 平均分 | L2: 最高分 | M2: 最低分 | N2: 最终得分
A3: 李婷 | B3: 江苏 | C3: 女 | D3: 8.9 | E3: 9.1 | F3: 8.5 | G3: 8.7 | H3: 9 | I3: 8.9 | J3: 53.1 | K3: 8.85 | L3: 9.1 | M3: 8.5 | N3: 35.5
A4: 郑直 | B4: 江苏 | C4: 男 | D4: 8.4 | E4: 5.3 | F4: 9.2 | G4: 9 | H4: 6.7 | I4: 9.2 | J4: 47.8 | K4: 7.9666667 | L4: 9.2 | M4: 5.3 | N4: 33.3
A5: 聂文景 | B5: 江苏 | C5: 女 | D5: 9.1 | E5: 8.3 | F5: 7.8 | G5: 9.2 | H5: 5.3 | I5: 6.7 | J5: 46.4 | K5: 7.7333333 | L5: 9.2 | M5: 5.3 | N5: 31.9
A6: 刘利 | B6: 江苏 | C6: 男 | D6: 6.1 | E6: 7.5 | F6: 8.3 | G6: 5 | H6: 7.9 | I6: 7.6 | J6: 42.4 | K6: 7.0666667 | L6: 8.3 | M6: 5 | N6: 29.1
A7: 刘评 | B7: 江苏 | C7: 女 | D7: 7.5 | E7: 7 | F7: 7.2 | G7: 6.9 | H7: 8.9 | I7: 6 | J7: 43.5 | K7: 7.25 | L7: 8.9 | M7: 6 | N7: 28.6
A8: 刘立 | B8: 江苏 | C8: 男 | D8: 8.3 | E8: 5.5 | F8: 7.5 | G8: 8.9 | H8: 5.5 | I8: 6 | J8: 41.7 | K8: 6.95 | L8: 8.9 | M8: 5.5 | N8: 27.3
A9: 赵鹏 | B9: 江苏 | C9: 男 | D9: 6.3 | E9: 6.5 | F9: 6.1 | G9: 6 | H9: 7.8 | I9: 8.9 | J9: 41.6 | K9: 6.9333333 | L9: 8.9 | M9: 6 | N9: 26.7
A10: 陈芮 | B10: 江苏 | C10: 女 | D10: 6 | E10: 5 | F10: 5 | G10: 6 | H10: 9.2 | I10: 8.3 | J10: 39.5 | K10: 6.5833333 | L10: 9.2 | M10: 5 | N10: 25.3
A11: 张路 | B11: 浙江 | C11: 男 | D11: 7.5 | E11: 8 | F11: 7.9 | G11: 7.6 | H11: 9 | I11: 9.2 | J11: 49.2 | K11: 8.2 | L11: 9.2 | M11: 7.5 | N11: 32.5
A12: 李想 | B12: 浙江 | C12: 女 | D12: 9 | E12: 6.9 | F12: 6.5 | G12: 5.5 | H12: 8.9 | I12: 9 | J12: 45.8 | K12: 7.6333333 | L12: 9 | M12: 5.5 | N12: 31.3
A13: 赵露 | B13: 浙江 | C13: 女 | D13: 6.7 | E13: 9.2 | F13: 8.3 | G13: 8.9 | H13: 6.3 | I13: 6.5 | J13: 45.9 | K13: 7.65 | L13: 9.2 | M13: 6.3 | N13: 30.4
A14: 张平 | B14: 浙江 | C14: 男 | D14: 9.2 | E14: 7.5 | F14: 6 | G14: 6 | H14: 7.5 | I14: 8 | J14: 44.2 | K14: 7.3666667 | L14: 9.2 | M14: 6 | N14: 29
... A24: 闻静 | B24: 上海 | C24: 女 | D24: 5.5 | E24: 6 | F24: 5 | G24: 5.6 | H24: 9 | I24: 9.2 | J24: 40.3 | K24: 6.7166667 | L24: 9.2 | M24: 5 | N24: 26.1
