Workbook

Sheet 2008
A1: 天地公司2008年资金往来
A2: 项目 Item | B2: 2008.01 | C2: 2008.02 | D2: 2008.03 | E2: 2008.04 | F2: 2008.05 | G2: 2008.06 | H2: 2008.07 | I2: 2008.08 | J2: 2008.09 | K2: 2008.1 | L2: 2008.11 | M2: 2008.12
A3: 一、各项存款 Total Deposits | B3: =SUM(B4:B9) -> 64936.42 | C3: =SUM(C4:C9) -> 67249.32 | D3: =SUM(D4:D9) -> 70355.01 | E3: =SUM(E4:E9) -> 70968.81 | F3: =SUM(F4:F9) -> 71794.38 | G3: =SUM(G4:G9) -> 74411.2 | H3: =SUM(H4:H9) -> 73092.23 | I3: =SUM(I4:I9) -> 74969.74 | ... M3: =SUM(M4:M9) -> 79752.16
A4: 1.企业活期存款 Demand Deposits | B4: 21840.98 | C4: 22395.89 | D4: 23102.57 | E4: 23155.43 | F4: 23452.23 | G4: 23679.72 | H4: 22760.38 | I4: 23314.22 | J4: 22295.88 | K4: 22630.86 | L4: 22726.83 | M4: 24535.4
A5: 2.企业定期存款 Time Deposits | B5: 14612.77 | C5: 15224.78 | D5: 16710.25 | E5: 16713.4 | F5: 16616.99 | G5: 17498.17 | H5: 17303.93 | I5: 17736.78 | J5: 19120.53 | K5: 17873.01 | L5: 18362.04 | M5: 18884.52
A6: 3.活期储蓄 Demand Deposits | B6: 6047.98 | C6: 6270.94 | D6: 6299.9 | E6: 6121.63 | F6: 6108.89 | G6: 6409.16 | H6: 6201.47 | I6: 6228.01 | J6: 6355.25 | K6: 6328.5 | L6: 6306.61 | M6: 6926.29
A7: 4.定期储蓄 Time Deposits | B7: 7037.95 | C7: 7694.54 | D7: 8270.91 | E7: 8516.82 | F7: 8610.81 | G7: 9025.04 | H7: 9082.71 | I7: 9461.47 | J7: 10160.45 | K7: 10317.75 | L7: 10821.2 | M7: 11519.45
A8: 5.农业存款 Rural Deposits | B8: 31.1 | C8: 36.55 | D8: 40.34 | E8: 38.05 | F8: 34.41 | G8: 37.5 | H8: 33.52 | I8: 38.7 | J8: 32.6 | K8: 32.19 | L8: 29.73 | M8: 35.66
A9: 6.其他类存款 Other Deposits | B9: 15365.64 | C9: 15626.62 | D9: 15931.04 | E9: 16423.48 | F9: 16971.05 | G9: 17761.61 | H9: 17710.22 | I9: 18190.56 | J9: 16041.91 | K9: 17327.72 | L9: 17430.77 | M9: 17850.84
A10: 二、发行金融债券 Financial Bond Issue | B10: 1860.78 | C10: 1803.6 | D10: 1906.45 | E10: 1899.49 | F10: 1901.11 | G10: 1930.61 | H10: 1963.91 | I10: 2043.12 | J10: 2318.41 | K10: 2349.58 | L10: 2122.02 | M10: 2240.02
A11: 三、向中央银行借款 | B11: 1.43 | C11: 1.11 | D11: 0.51 | E11: 0 | F11: 0 | G11: 0 | H11: 0 | I11: 0 | J11: 0 | K11: 0 | L11: 0 | M11: 0
A12: 四、同业往来 Business with Counterpart | B12: 11556.37 | C12: 12557.51 | D12: 10372.35 | E12: 10993.23 | F12: 11118.65 | G12: 10036.94 | H12: 11573.64 | I12: 9572.5 | J12: 7494.59 | K12: 9472.58 | L12: 9930.4 | M12: 10482.9
A13: 五、其他 Other Items | B13: -2353.77 | C13: -2141.74 | D13: -4668.25 | E13: -3513.73 | F13: -3328.5 | G13: -3923.98 | H13: -3174.81 | I13: -2695.95 | J13: -1927.89 | K13: -1599.74 | L13: -135.6 | M13: -1160

Sheet 2009
A1: 天地公司2009年资金往来
A2: 项目 Item | B2: 2009.01 | C2: 2009.02 | D2: 2009.03 | E2: 2009.04 | F2: 2009.05 | G2: 2009.06 | H2: 2009.07 | I2: 2009.08 | J2: 2009.09 | K2: 2009.1 | L2: 2009.11 | M2: 2009.12
A3: 一、各项存款 Total Deposits | B3: =SUM(B4:B9) -> 84715.38 | C3: =SUM(C4:C9) -> 88222.34 | D3: =SUM(D4:D9) -> 94479.88 | E3: =SUM(E4:E9) -> 96597.34 | F3: =SUM(F4:F9) -> 98847.87 | G3: =SUM(G4:G9) -> 104554.62 | H3: =SUM(H4:H9) -> 103233.15 | I3: =SUM(I4:I9) -> 102474.01 | ... M3: =SUM(M4:M9) -> 109552.95
A4: 1.企业活期存款 Demand Deposits | B4: 22596.99 | C4: 23695.89 | D4: 25956.06 | E4: 26061.92 | F4: 27260.5 | G4: 30674.12 | H4: 30818.67 | I4: 31493.69 | J4: 31928.12 | K4: 32666.98 | L4: 33586.54 | M4: 35476.41
A5: 2.企业定期存款 Time Deposits | B5: 20153.84 | C5: 19876.5 | D5: 21237.22 | E5: 22051 | F5: 22485.1 | G5: 23454.83 | H5: 23096.28 | I5: 23479.56 | J5: 26238.77 | K5: 24684.72 | L5: 24897.93 | M5: 25757.62
A6: 3.活期储蓄 Demand Deposits | B6: 7286.59 | C6: 7300.51 | D6: 7569.74 | E6: 7521.2 | F6: 7594.17 | G6: 7939.79 | H6: 7736.97 | I6: 7760.43 | J6: 8619.7 | K6: 8231.44 | L6: 8280.29 | M6: 9372.38
A7: 4.定期储蓄 Time Deposits | B7: 12681.95 | C7: 13268.92 | D7: 13805.6 | E7: 14076.81 | F7: 14307.85 | G7: 14496.82 | H7: 14182.16 | I7: 14027.9 | J7: 15044.61 | K7: 14377.61 | L7: 14149.58 | M7: 14762.08
A8: 5.农业存款 Rural Deposits | B8: 30.54 | C8: 29.45 | D8: 34.52 | E8: 64.16 | F8: 33.62 | G8: 34.05 | H8: 45.74 | I8: 37.4 | J8: 39.02 | K8: 43.47 | L8: 60.71 | M8: 60.27
A9: 6. 其他类存款 Other Deposits | B9: 21965.47 | C9: 24051.07 | D9: 25876.74 | E9: 26822.25 | F9: 27166.63 | G9: 27955.01 | H9: 27353.33 | I9: 25675.03 | J9: 24977.43 | K9: 20272.45 | L9: 24549.29 | M9: 24124.19
A10: 二、发行金融债券 Financial Bond Issue | B10: 2445.03 | C10: 2430.7 | D10: 2427.36 | E10: 2458.45 | F10: 2369.24 | G10: 2374.91 | H10: 2417.61 | I10: 2386.66 | J10: 2499.3 | K10: 2499.85 | L10: 2446.53 | M10: 2382.65
A11: 三、向中央银行借款 | B11: 0.59 | C11: 0.23 | D11: 0.9 | E11: 1.01 | F11: 0.6 | G11: 0.68 | H11: 0.08 | I11: 0.08 | J11: 0.11 | K11: 0.11 | L11: 0.63 | M11: 1
A12: 四、同业往来 Business with Counterpart | B12: 8608.83 | C12: 9113.25 | D12: 8962.25 | E12: 9963.12 | F12: 10022.07 | G12: 10683.75 | H12: 12306.62 | I12: 12226.41 | J12: 10711.83 | K12: 12068.57 | L12: 12996.06 | M12: 12611.64
A13: 五、其他 Other Items | B13: -533.79 | C13: -1219.65 | D13: -2333.02 | E13: -3771.59 | F13: -3399.45 | G13: -2914.19 | H13: -2505.42 | I13: -2274.67 | J13: -2040.03 | K13: -1923.21 | L13: -2836.97 | M13: -3478.02

Sheet 差额
A1: 项目 Item | B1: 一月 | C1: 二月 | D1: 三月 | E1: 四月 | F1: 五月 | G1: 六月 | H1: 七月 | I1: 八月 | J1: 九月 | K1: 十月 | L1: 十一月 | M1: 十二月
A2: 一、各项存款 Total Deposits | B2: ='2009'!B3-'2008'!B3 -> 19778.96 | C2: ='2009'!C3-'2008'!C3 -> 20973.02 | D2: ='2009'!D3-'2008'!D3 -> 24124.87 | E2: ='2009'!E3-'2008'!E3 -> 25628.53 | F2: ='2009'!F3-'2008'!F3 -> 27053.49 | G2: ='2009'!G3-'2008'!G3 -> 30143.42 | H2: ='2009'!H3-'2008'!H3 -> 30140.92 | I2: ='2009'!I3-'2008'!I3 -> 27504.27 | ... M2: ='2009'!M3-'2008'!M3 -> 29800.79

Sheet Sheet4
B1: 1949年～1990年中国人口增长统计表（万人）
B2: 年份 | C2: 总人口 | D2: 出生率（‰） | E2: 死亡率（‰） | F2: 自然增长率（‰）
B3: 1985年 | C3: 104532 | D3: 17.8 | E3: 6.6 | F3: =D3-E3 -> 11.2
B4: 1980年 | C4: 98705 | D4: 18.21 | E4: 6.31 | F4: =D4-E4 -> 11.9
B5: 1990年 | C5: 113363 | D5: 20.98 | E5: 6.28 | F5: =D5-E5 -> 14.7
B6: 1982年 | C6: 101541 | D6: 21.09 | E6: 6.6 | F6: =D6-E6 -> 14.49
B7: 1975年 | C7: 92420 | D7: 23.01 | E7: 7.32 | F7: =D7-E7 -> 15.69
B8: 1970年 | C8: 82992 | D8: 33.43 | E8: 7.6 | F8: =D8-E8 -> 25.83
B9: 1957年 | C9: 64653 | D9: 34.03 | E9: 10.8 | F9: =D9-E9 -> 23.23
B10: 1949年 | C10: 54167 | D10: 36 | E10: 20 | F10: =D10-E10 -> 16
B11: 1965年 | C11: 72538 | D11: 37.88 | E11: 9.5 | F11: =D11-E11 -> 28.38

Sheet Sheet5
A1: 出生率（‰） | B1: 自然增长率（‰）
A2: >20 | B2: <20
B3: 生率大于20‰且自然增长率低于20‰的中国人口增长统计表（万人）
B4: 年份 | C4: 总人口 | D4: 出生率（‰） | E4: 死亡率（‰） | F4: 自然增长率（‰）
B5: 1990年 | C5: 113363 | D5: 20.98 | E5: 6.28 | F5: 14.7
B6: 1982年 | C6: 101541 | D6: 21.09 | E6: 6.6 | F6: 14.49
B7: 1975年 | C7: 92420 | D7: 23.01 | E7: 7.32 | F7: 15.69
B8: 1949年 | C8: 54167 | D8: 36 | E8: 20 | F8: 16
