Workbook

Sheet Sheet1
A1: 计算机成绩表
A2: 编号 | B2: 学号 | C2: 姓名 | D2: 性别 | E2: 出生日期 | F2: 籍贯 | G2: 院系 | H2: C语言 | I2: Word | J2: Excel | K2: PPT | L2: Access | M2: 成绩
A3: 0001 | B3: 090010144 | C3: 褚梦佳 | D3: 女 | E3: 33288 | F3: 山东 | G3: 文学院 | H3: 14 | I3: 15 | J3: 10 | K3: 6 | L3: 9 | M3: =IF(COUNTIF(H3:L3,"=0")>=2,0,SUM(H3:L3)) -> 54
A4: 0002 | B4: 090010145 | C4: 蔡敏梅 | D4: 女 | E4: 33280 | F4: 上海 | G4: 文学院 | H4: 11 | I4: 19 | J4: 19 | K4: 10 | L4: 9 | M4: =IF(COUNTIF(H4:L4,"=0")>=2,0,SUM(H4:L4)) -> 68
A5: 0003 | B5: 090010146 | C5: 赵林莉 | D5: 女 | E5: 33574 | F5: 江苏 | G5: 文学院 | H5: 35 | I5: 20 | J5: 17 | K5: 7 | L5: 9 | M5: =IF(COUNTIF(H5:L5,"=0")>=2,0,SUM(H5:L5)) -> 88
A6: 0004 | B6: 090010147 | C6: 糜义杰 | D6: 男 | E6: 33514 | F6: 江苏 | G6: 文学院 | H6: 29 | I6: 19 | J6: 19 | K6: 10 | L6: 9 | M6: =IF(COUNTIF(H6:L6,"=0")>=2,0,SUM(H6:L6)) -> 86
A7: 0005 | B7: 090010148 | C7: 周丽萍 | D7: 女 | E7: 33314 | F7: 江苏 | G7: 文学院 | H7: 24 | I7: 18 | J7: 14 | K7: 7 | L7: 9 | M7: =IF(COUNTIF(H7:L7,"=0")>=2,0,SUM(H7:L7)) -> 72
A8: 0006 | B8: 090010149 | C8: 王英 | D8: 女 | E8: 33430 | F8: 江苏 | G8: 文学院 | H8: 20 | I8: 20 | J8: 16 | K8: 10 | L8: 9 | M8: =IF(COUNTIF(H8:L8,"=0")>=2,0,SUM(H8:L8)) -> 75
A9: 0007 | B9: 090010150 | C9: 陈子雅 | D9: 男 | E9: 33286 | F9: 江苏 | G9: 文学院 | H9: 22 | I9: 18 | J9: 16 | K9: 10 | L9: 9 | M9: =IF(COUNTIF(H9:L9,"=0")>=2,0,SUM(H9:L9)) -> 75
A10: 0008 | B10: 090010151 | C10: 周文洁 | D10: 女 | E10: 33317 | F10: 上海 | G10: 文学院 | H10: 28 | I10: 20 | J10: 12 | K10: 10 | L10: 9 | M10: =IF(COUNTIF(H10:L10,"=0")>=2,0,SUM(H10:L10)) -> 79
A11: 0009 | B11: 090010152 | C11: 成立 | D11: 男 | E11: 33287 | F11: 江苏 | G11: 文学院 | H11: 26 | I11: 18 | J11: 18 | K11: 10 | L11: 9 | M11: =IF(COUNTIF(H11:L11,"=0")>=2,0,SUM(H11:L11)) -> 81
A12: 0010 | B12: 090010153 | C12: 陈晖 | D12: 男 | E12: 33283 | F12: 江苏 | G12: 文学院 | H12: 26 | I12: 20 | J12: 16 | K12: 9 | L12: 9 | M12: =IF(COUNTIF(H12:L12,"=0")>=2,0,SUM(H12:L12)) -> 80
A13: 0011 | B13: 090010154 | C13: 王玉芳 | D13: 女 | E13: 33431 | F13: 江苏 | G13: 文学院 | H13: 33 | I13: 20 | J13: 19 | K13: 10 | L13: 9 | M13: =IF(COUNTIF(H13:L13,"=0")>=2,0,SUM(H13:L13)) -> 91
A14: 0012 | B14: 090010155 | C14: 邵艳 | D14: 女 | E14: 33251 | F14: 江苏 | G14: 文学院 | H14: 24 | I14: 20 | J14: 20 | K14: 10 | L14: 9 | M14: =IF(COUNTIF(H14:L14,"=0")>=2,0,SUM(H14:L14)) -> 83
... A396: 0394 | B396: 090100740 | C396: 康婷婷 | D396: 女 | E396: 33416 | F396: 山东 | G396: 体科院 | H396: 19 | I396: 18 | J396: 13 | K396: 6 | L396: 1 | M396: =IF(COUNTIF(H396:L396,"=0")>=2,0,SUM(H396:L396)) -> 57

Sheet Sheet2
A1: 计算机成绩表
A2: 编号 | B2: 学号 | C2: 姓名 | D2: 性别 | E2: 出生日期 | F2: 籍贯 | G2: 院系 | H2: C语言 | I2: Word | J2: Excel | K2: PPT | L2: Access | M2: 成绩
A3: 0198 | B3: 090060301 | C3: 章银兰 | D3: 女 | E3: 33570 | F3: 江苏 | G3: 地科院 | H3: 26 | I3: 19 | J3: 20 | K3: 10 | L3: 10 | M3: 85
A4: 0199 | B4: 090060302 | C4: 周洪彬 | D4: 男 | E4: 33308 | F4: 江苏 | G4: 地科院 | H4: 31 | I4: 13 | J4: 16 | K4: 10 | L4: 9 | M4: 79
A5: 0200 | B5: 090060303 | C5: 姜立英 | D5: 女 | E5: 33406 | F5: 北京 | G5: 地科院 | H5: 35 | I5: 15 | J5: 17 | K5: 10 | L5: 7 | M5: 84
A6: 0201 | B6: 090060304 | C6: 赵锐 | D6: 男 | E6: 33575 | F6: 江苏 | G6: 地科院 | H6: 28 | I6: 20 | J6: 19 | K6: 10 | L6: 2 | M6: 79
A7: 0202 | B7: 090060305 | C7: 雷沁 | D7: 男 | E7: 33420 | F7: 江苏 | G7: 地科院 | H7: 27 | I7: 17 | J7: 17 | K7: 9 | L7: 2 | M7: 72
A8: 0203 | B8: 090060306 | C8: 王秀娟 | D8: 女 | E8: 33514 | F8: 江苏 | G8: 地科院 | H8: 35 | I8: 20 | J8: 19 | K8: 10 | L8: 3 | M8: 87
A9: 0204 | B9: 090060307 | C9: 戴方敏 | D9: 女 | E9: 33290 | F9: 江苏 | G9: 地科院 | H9: 26 | I9: 17 | J9: 14 | K9: 2 | L9: 0 | M9: 59
A10: 0205 | B10: 090060308 | C10: 黄长杰 | D10: 男 | E10: 33383 | F10: 江苏 | G10: 地科院 | H10: 34 | I10: 18 | J10: 18 | K10: 10 | L10: 8 | M10: 88
A11: 0206 | B11: 090060309 | C11: 马兰 | D11: 女 | E11: 33510 | F11: 江苏 | G11: 地科院 | H11: 37 | I11: 16 | J11: 18 | K11: 10 | L11: 10 | M11: 91
A12: 0207 | B12: 090060310 | C12: 林春艳 | D12: 女 | E12: 33480 | F12: 江苏 | G12: 地科院 | H12: 25 | I12: 17 | J12: 19 | K12: 10 | L12: 8 | M12: 79
A13: 0208 | B13: 090060311 | C13: 于清 | D13: 女 | E13: 33540 | F13: 江苏 | G13: 地科院 | H13: 27 | I13: 20 | J13: 19 | K13: 10 | L13: 9 | M13: 85
A14: 0209 | B14: 090060312 | C14: 章勇 | D14: 男 | E14: 33571 | F14: 江苏 | G14: 地科院 | H14: 35 | I14: 20 | J14: 16 | K14: 10 | L14: 8 | M14: 89
... A36: 0231 | B36: 090060334 | C36: 王志超 | D36: 男 | E36: 33512 | F36: 江苏 | G36: 地科院 | H36: 32 | I36: 11 | J36: 0 | K36: 0 | L36: 0 | M36: 0
G37: 地科院 平均值 | M37: =SUBTOTAL(1,M3:M36) -> 67.529412
A38: 0260 | B38: 090080501 | C38: 庄思瑜 | D38: 女 | E38: 33621 | F38: 江苏 | G38: 法学院 | H38: 35 | I38: 20 | J38: 18 | K38: 8 | L38: 10 | M38: 91
A39: 0261 | B39: 090080502 | C39: 黄丽美 | D39: 女 | E39: 33390 | F39: 江苏 | G39: 法学院 | H39: 31 | I39: 20 | J39: 20 | K39: 10 | L39: 10 | M39: 91
A40: 0262 | B40: 090080503 | C40: 倪晓敏 | D40: 女 | E40: 33519 | F40: 江苏 | G40: 法学院 | H40: 35 | I40: 20 | J40: 20 | K40: 10 | L40: 10 | M40: 95
A41: 0263 | B41: 090080504 | C41: 徐丽 | D41: 女 | E41: 33546 | F41: 江苏 | G41: 法学院 | H41: 24 | I41: 18 | J41: 20 | K41: 10 | L41: 10 | M41: 82
A42: 0264 | B42: 090080505 | C42: 郭帅婷 | D42: 女 | E42: 33288 | F42: 江苏 | G42: 法学院 | H42: 36 | I42: 20 | J42: 20 | K42: 10 | L42: 10 | M42: 96
A43: 0265 | B43: 090080506 | C43: 许园园 | D43: 女 | E43: 33553 | F43: 江苏 | G43: 法学院 | H43: 29 | I43: 18 | J43: 20 | K43: 10 | L43: 9 | M43: 86
A44: 0266 | B44: 090080507 | C44: 蔡爱思 | D44: 女 | E44: 33277 | F44: 北京 | G44: 法学院 | H44: 28 | I44: 19 | J44: 20 | K44: 10 | L44: 10 | M44: 87
A45: 0267 | B45: 090080508 | C45: 王华 | D45: 女 | E45: 33404 | F45: 江苏 | G45: 法学院 | H45: 38 | I45: 19 | J45: 20 | K45: 10 | L45: 10 | M45: 97
A46: 0268 | B46: 090080509 | C46: 黄鑫楼 | D46: 男 | E46: 33399 | F46: 江苏 | G46: 法学院 | H46: 14 | I46: 16 | J46: 5 | K46: 6 | L46: 0 | M46: 41
A47: 0269 | B47: 090080510 | C47: 王娜 | D47: 女 | E47: 33411 | F47: 山东 | G47: 法学院 | H47: 35 | I47: 19 | J47: 20 | K47: 10 | L47: 10 | M47: 94
A48: 0270 | B48: 090080511 | C48: 刘亮亮 | D48: 男 | E48: 33497 | F48: 江苏 | G48: 法学院 | H48: 36 | I48: 20 | J48: 19 | K48: 10 | L48: 9 | M48: 94
A49: 0271 | B49: 090080512 | C49: 秦韦 | D49: 男 | E49: 33515 | F49: 江苏 | G49: 法学院 | H49: 35 | I49: 19 | J49: 17 | K49: 10 | L49: 10 | M49: 91
... A86: 0308 | B86: 090080549 | C86: 唐杰 | D86: 男 | E86: 33394 | F86: 江苏 | G86: 法学院 | H86: 20 | I86: 17 | J86: 20 | K86: 8 | L86: 9 | M86: 74
G87: 法学院 平均值 | M87: =SUBTOTAL(1,M38:M86) -> 82.632653
A88: 0309 | B88: 090090601 | C88: 彭先锋 | D88: 男 | E88: 33513 | F88: 江苏 | G88: 公管院 | H88: 26 | I88: 20 | J88: 20 | K88: 10 | L88: 10 | M88: 86
A89: 0310 | B89: 090090602 | C89: 王丽 | D89: 女 | E89: 33407 | F89: 江苏 | G89: 公管院 | H89: 30 | I89: 20 | J89: 20 | K89: 10 | L89: 10 | M89: 90
A90: 0311 | B90: 090090603 | C90: 徐莉莉 | D90: 女 | E90: 33545 | F90: 江苏 | G90: 公管院 | H90: 17 | I90: 18 | J90: 19 | K90: 6 | L90: 9 | M90: 69
A91: 0312 | B91: 090090604 | C91: 孙友年 | D91: 男 | E91: 33280 | F91: 江苏 | G91: 公管院 | H91: 26 | I91: 19 | J91: 8 | K91: 6 | L91: 8 | M91: 67
A92: 0313 | B92: 090090605 | C92: 张国珍 | D92: 女 | E92: 33552 | F92: 江苏 | G92: 公管院 | H92: 34 | I92: 15 | J92: 17 | K92: 7 | L92: 9 | M92: 82
A93: 0314 | B93: 090090606 | C93: 张春英 | D93: 女 | E93: 33549 | F93: 江苏 | G93: 公管院 | H93: 24 | I93: 17 | J93: 20 | K93: 8 | L93: 9 | M93: 78
A94: 0315 | B94: 090090607 | C94: 睢培 | D94: 女 | E94: 33271 | F94: 江苏 | G94: 公管院 | H94: 25 | I94: 19 | J94: 19 | K94: 10 | L94: 8 | M94: 81
A95: 0316 | B95: 090090608 | C95: 钱文娟 | D95: 女 | E95: 33513 | F95: 江苏 | G95: 公管院 | H95: 32 | I95: 19 | J95: 20 | K95: 8 | L95: 9 | M95: 88
A96: 0317 | B96: 090090609 | C96: 姚仙芳 | D96: 女 | E96: 33566 | F96: 江苏 | G96: 公管院 | H96: 25 | I96: 17 | J96: 20 | K96: 8 | L96: 9 | M96: 79
A97: 0318 | B97: 090090610 | C97: 单秋玲 | D97: 女 | E97: 33345 | F97: 江苏 | G97: 公管院 | H97: 31 | I97: 18 | J97: 18 | K97: 8 | L97: 9 | M97: 84
A98: 0319 | B98: 090090611 | C98: 张瑜 | D98: 女 | E98: 33566 | F98: 江苏 | G98: 公管院 | H98: 26 | I98: 19 | J98: 18 | K98: 8 | L98: 2 | M98: 73
A99: 0320 | B99: 090090612 | C99: 沈颖 | D99: 女 | E99: 33254 | F99: 山东 | G99: 公管院 | H99: 32 | I99: 19 | J99: 20 | K99: 10 | L99: 9 | M99: 90
... A133: 0354 | B133: 090090646 | C133: 俞静霞 | D133: 女 | E133: 33541 | F133: 江苏 | G133: 公管院 | H133: 3 | I133: 12 | J133: 9 | K133: 9 | L133: 7 | M133: 40
G134: 公管院 平均值 | M134: =SUBTOTAL(1,M88:M133) -> 65.608696
A135: 0232 | B135: 090070401 | C135: 王峰婷 | D135: 女 | E135: 33401 | F135: 江苏 | G135: 化科院 | H135: 28 | I135: 15 | J135: 1 | K135: 3 | L135: 0 | M135: 47
A136: 0233 | B136: 090070402 | C136: 梁志斌 | D136: 男 | E136: 33478 | F136: 江苏 | G136: 化科院 | H136: 24 | I136: 17 | J136: 3 | K136: 4 | L136: 0 | M136: 48
A137: 0234 | B137: 090070403 | C137: 邱葵花 | D137: 女 | E137: 33517 | F137: 河南 | G137: 化科院 | H137: 19 | I137: 16 | J137: 18 | K137: 9 | L137: 1 | M137: 63
A138: 0235 | B138: 090070404 | C138: 林小艳 | D138: 女 | E138: 33488 | F138: 江苏 | G138: 化科院 | H138: 18 | I138: 17 | J138: 15 | K138: 10 | L138: 0 | M138: 60
A139: 0236 | B139: 090070405 | C139: 曾敏 | D139: 女 | E139: 33544 | F139: 江苏 | G139: 化科院 | H139: 22 | I139: 14 | J139: 17 | K139: 8 | L139: 0 | M139: 61
A140: 0237 | B140: 090070406 | C140: 曾艺广 | D140: 男 | E140: 33545 | F140: 江苏 | G140: 化科院 | H140: 25 | I140: 20 | J140: 19 | K140: 10 | L140: 0 | M140: 74
A141: 0238 | B141: 090070407 | C141: 罗琛琅 | D141: 男 | E141: 33508 | F141: 江苏 | G141: 化科院 | H141: 30 | I141: 20 | J141: 14 | K141: 10 | L141: 8 | M141: 82
A142: 0239 | B142: 090070408 | C142: 陈霓 | D142: 女 | E142: 33290 | F142: 北京 | G142: 化科院 | H142: 28 | I142: 18 | J142: 14 | K142: 9 | L142: 0 | M142: 69
A143: 0240 | B143: 090070409 | C143: 陆玉霞 | D143: 女 | E143: 33505 | F143: 江苏 | G143: 化科院 | H143: 30 | I143: 20 | J143: 15 | K143: 10 | L143: 8 | M143: 83
A144: 0241 | B144: 090070410 | C144: 黄小芬 | D144: 女 | E144: 33396 | F144: 江苏 | G144: 化科院 | H144: 29 | I144: 18 | J144: 13 | K144: 9 | L144: 2 | M144: 71
A145: 0242 | B145: 090070411 | C145: 杨铷洋 | D145: 男 | E145: 33560 | F145: 江苏 | G145: 化科院 | H145: 33 | I145: 18 | J145: 11 | K145: 9 | L145: 8 | M145: 79
A146: 0243 | B146: 090070412 | C146: 陈建军 | D146: 男 | E146: 33284 | F146: 江苏 | G146: 化科院 | H146: 26 | I146: 11 | J146: 5 | K146: 3 | L146: 1 | M146: 46
... A162: 0259 | B162: 090070428 | C162: 丘岳安 | D162: 男 | E162: 33516 | F162: 江苏 | G162: 化科院 | H162: 21 | I162: 18 | J162: 11 | K162: 3 | L162: 0 | M162: 53
G163: 化科院 平均值 | M163: =SUBTOTAL(1,M135:M162) -> 58.5
A164: 0144 | B164: 090050201 | C164: 徐玮 | D164: 男 | E164: 33548 | F164: 江苏 | G164: 生科院 | H164: 16 | I164: 16 | J164: 4 | K164: 9 | L164: 0 | M164: 45
A165: 0145 | B165: 090050202 | C165: 邝辰阳 | D165: 男 | E165: 33419 | F165: 江苏 | G165: 生科院 | H165: 27 | I165: 16 | J165: 16 | K165: 6 | L165: 8 | M165: 73
A166: 0146 | B166: 090050203 | C166: 王桃生 | D166: 男 | E166: 33516 | F166: 江苏 | G166: 生科院 | H166: 26 | I166: 17 | J166: 16 | K166: 6 | L166: 8 | M166: 73
A167: 0147 | B167: 090050204 | C167: 吴杰 | D167: 男 | E167: 33519 | F167: 江苏 | G167: 生科院 | H167: 34 | I167: 16 | J167: 16 | K167: 6 | L167: 8 | M167: 80
A168: 0148 | B168: 090050205 | C168: 何晓峰 | D168: 男 | E168: 33377 | F168: 山东 | G168: 生科院 | H168: 20 | I168: 15 | J168: 1 | K168: 6 | L168: 0 | M168: 42
A169: 0149 | B169: 090050206 | C169: 杨欣 | D169: 女 | E169: 33562 | F169: 江苏 | G169: 生科院 | H169: 33 | I169: 20 | J169: 13 | K169: 9 | L169: 0 | M169: 75
A170: 0150 | B170: 090050207 | C170: 王强 | D170: 男 | E170: 33414 | F170: 江苏 | G170: 生科院 | H170: 27 | I170: 19 | J170: 14 | K170: 2 | L170: 0 | M170: 62
A171: 0151 | B171: 090050208 | C171: 诸丹峰 | D171: 男 | E171: 33619 | F171: 江苏 | G171: 生科院 | H171: 32 | I171: 18 | J171: 19 | K171: 10 | L171: 8 | M171: 87
A172: 0152 | B172: 090050209 | C172: 浦周吉 | D172: 女 | E172: 33515 | F172: 江苏 | G172: 生科院 | H172: 34 | I172: 19 | J172: 19 | K172: 10 | L172: 8 | M172: 90
A173: 0153 | B173: 090050210 | C173: 赵云龙 | D173: 男 | E173: 33578 | F173: 江苏 | G173: 生科院 | H173: 24 | I173: 19 | J173: 9 | K173: 9 | L173: 3 | M173: 64
A174: 0154 | B174: 090050211 | C174: 黄晓勇 | D174: 男 | E174: 33398 | F174: 江苏 | G174: 生科院 | H174: 27 | I174: 19 | J174: 18 | K174: 6 | L174: 9 | M174: 79
A175: 0155 | B175: 090050212 | C175: 徐志晔 | D175: 男 | E175: 33550 | F175: 河南 | G175: 生科院 | H175: 28 | I175: 19 | J175: 4 | K175: 0 | L175: 0 | M175: 0
... A217: 0197 | B217: 090050254 | C217: 王三磊 | D217: 男 | E217: 33515 | F217: 江苏 | G217: 生科院 | H217: 32 | I217: 19 | J217: 20 | K217: 10 | L217: 9 | M217: 90
G218: 生科院 平均值 | M218: =SUBTOTAL(1,M164:M217) -> 81.833333
A219: 0092 | B219: 090030101 | C219: 孙珊珊 | D219: 女 | E219: 33275 | F219: 江苏 | G219: 数科院 | H219: 20 | I219: 13 | J219: 18 | K219: 4 | L219: 7 | M219: 62
A220: 0093 | B220: 090030102 | C220: 管颖 | D220: 女 | E220: 33284 | F220: 江苏 | G220: 数科院 | H220: 14 | I220: 16 | J220: 20 | K220: 10 | L220: 2 | M220: 62
A221: 0094 | B221: 090030103 | C221: 朱姜鸣 | D221: 男 | E221: 33615 | F221: 江苏 | G221: 数科院 | H221: 23 | I221: 17 | J221: 18 | K221: 7 | L221: 4 | M221: 69
A222: 0095 | B222: 090030104 | C222: 谢娇 | D222: 女 | E222: 33527 | F222: 北京 | G222: 数科院 | H222: 22 | I222: 0 | J222: 0 | K222: 1 | L222: 3 | M222: 0
A223: 0096 | B223: 090030105 | C223: 王叶萍 | D223: 女 | E223: 33428 | F223: 江苏 | G223: 数科院 | H223: 12 | I223: 17 | J223: 18 | K223: 5 | L223: 6 | M223: 58
A224: 0097 | B224: 090030106 | C224: 龚金丽 | D224: 女 | E224: 33363 | F224: 江苏 | G224: 数科院 | H224: 19 | I224: 18 | J224: 16 | K224: 8 | L224: 6 | M224: 67
A225: 0098 | B225: 090030107 | C225: 周永峰 | D225: 男 | E225: 33614 | F225: 江苏 | G225: 数科院 | H225: 25 | I225: 14 | J225: 4 | K225: 4 | L225: 8 | M225: 55
A226: 0099 | B226: 090030108 | C226: 曹红辉 | D226: 男 | E226: 33283 | F226: 江苏 | G226: 数科院 | H226: 24 | I226: 16 | J226: 16 | K226: 8 | L226: 8 | M226: 72
A227: 0100 | B227: 090030109 | C227: 焦银峰 | D227: 男 | E227: 33383 | F227: 江苏 | G227: 数科院 | H227: 17 | I227: 19 | J227: 19 | K227: 8 | L227: 8 | M227: 71
A228: 0101 | B228: 090030110 | C228: 周来芬 | D228: 女 | E228: 33313 | F228: 江苏 | G228: 数科院 | H228: 17 | I228: 19 | J228: 19 | K228: 8 | L228: 6 | M228: 69
A229: 0102 | B229: 090030111 | C229: 王益莉 | D229: 女 | E229: 33429 | F229: 江苏 | G229: 数科院 | H229: 24 | I229: 20 | J229: 20 | K229: 6 | L229: 2 | M229: 72
A230: 0103 | B230: 090030112 | C230: 庄静静 | D230: 女 | E230: 33620 | F230: 江苏 | G230: 数科院 | H230: 13 | I230: 15 | J230: 5 | K230: 6 | L230: 0 | M230: 39
... A244: 0117 | B244: 090030126 | C244: 蒋勇 | D244: 男 | E244: 33382 | F244: 江苏 | G244: 数科院 | H244: 13 | I244: 16 | J244: 10 | K244: 4 | L244: 0 | M244: 43
G245: 数科院 平均值 | M245: =SUBTOTAL(1,M219:M244) -> 48.423077
A246: 0355 | B246: 090100701 | C246: 黄晓红 | D246: 女 | E246: 33397 | F246: 江苏 | G246: 体科院 | H246: 34 | I246: 18 | J246: 19 | K246: 8 | L246: 9 | M246: 88
A247: 0356 | B247: 090100702 | C247: 黄秋红 | D247: 女 | E247: 33395 | F247: 江苏 | G247: 体科院 | H247: 21 | I247: 17 | J247: 18 | K247: 8 | L247: 8 | M247: 72
A248: 0357 | B248: 090100703 | C248: 饶秋凤 | D248: 女 | E248: 33249 | F248: 江苏 | G248: 体科院 | H248: 25 | I248: 19 | J248: 17 | K248: 8 | L248: 9 | M248: 78
A249: 0358 | B249: 090100704 | C249: 林小丽 | D249: 女 | E249: 33487 | F249: 江苏 | G249: 体科院 | H249: 33 | I249: 17 | J249: 20 | K249: 10 | L249: 7 | M249: 87
A250: 0359 | B250: 090100705 | C250: 林晓晓 | D250: 女 | E250: 33489 | F250: 江苏 | G250: 体科院 | H250: 15 | I250: 14 | J250: 19 | K250: 6 | L250: 9 | M250: 63
A251: 0360 | B251: 090100706 | C251: 林毓萍 | D251: 女 | E251: 33490 | F251: 江苏 | G251: 体科院 | H251: 23 | I251: 15 | J251: 19 | K251: 8 | L251: 9 | M251: 74
A252: 0361 | B252: 090100707 | C252: 刘金玲 | D252: 女 | E252: 33496 | F252: 河南 | G252: 体科院 | H252: 24 | I252: 16 | J252: 17 | K252: 8 | L252: 9 | M252: 74
A253: 0362 | B253: 090100708 | C253: 刘婷婷 | D253: 女 | E253: 33382 | F253: 山东 | G253: 体科院 | H253: 15 | I253: 18 | J253: 17 | K253: 8 | L253: 9 | M253: 67
A254: 0363 | B254: 090100709 | C254: 刘秀玲 | D254: 女 | E254: 33384 | F254: 江苏 | G254: 体科院 | H254: 18 | I254: 15 | J254: 17 | K254: 6 | L254: 9 | M254: 65
A255: 0364 | B255: 090100710 | C255: 陈玲莉 | D255: 女 | E255: 33287 | F255: 江苏 | G255: 体科院 | H255: 8 | I255: 16 | J255: 19 | K255: 6 | L255: 1 | M255: 50
A256: 0365 | B256: 090100711 | C256: 陈丽莉 | D256: 女 | E256: 33286 | F256: 江苏 | G256: 体科院 | H256: 34 | I256: 17 | J256: 18 | K256: 8 | L256: 9 | M256: 86
A257: 0366 | B257: 090100712 | C257: 陈聪红 | D257: 女 | E257: 33288 | F257: 江苏 | G257: 体科院 | H257: 32 | I257: 19 | J257: 20 | K257: 10 | L257: 9 | M257: 90
... A285: 0394 | B285: 090100740 | C285: 康婷婷 | D285: 女 | E285: 33416 | F285: 山东 | G285: 体科院 | H285: 19 | I285: 18 | J285: 13 | K285: 6 | L285: 1 | M285: 57
G286: 体科院 平均值 | M286: =SUBTOTAL(1,M246:M285) -> 74.25
...

Sheet Sheet3
A1: 计算机成绩表
A2: 编号 | B2: 学号 | C2: 姓名 | D2: 性别 | E2: 出生日期 | F2: 籍贯 | G2: 院系 | H2: C语言 | I2: Word | J2: Excel | K2: PPT | L2: Access | M2: 成绩 | P2: 籍贯
A3: 0001 | B3: 090010144 | C3: 褚梦佳 | D3: 女 | E3: 33288 | F3: 山东 | G3: 文学院 | H3: 14 | I3: 15 | J3: 10 | K3: 6 | L3: 9 | M3: 54 | P3: 上海 | Q3: =成绩>MEDIAN($M$3:$M$396) -> #NAME?
A4: 0002 | B4: 090010145 | C4: 蔡敏梅 | D4: 女 | E4: 33280 | F4: 上海 | G4: 文学院 | H4: 11 | I4: 19 | J4: 19 | K4: 10 | L4: 9 | M4: 68 | P4: 江苏 | Q4: =成绩>MEDIAN($M$3:$M$396) -> #NAME?
A5: 0003 | B5: 090010146 | C5: 赵林莉 | D5: 女 | E5: 33574 | F5: 江苏 | G5: 文学院 | H5: 35 | I5: 20 | J5: 17 | K5: 7 | L5: 9 | M5: 88
A6: 0004 | B6: 090010147 | C6: 糜义杰 | D6: 男 | E6: 33514 | F6: 江苏 | G6: 文学院 | H6: 29 | I6: 19 | J6: 19 | K6: 10 | L6: 9 | M6: 86
A7: 0005 | B7: 090010148 | C7: 周丽萍 | D7: 女 | E7: 33314 | F7: 江苏 | G7: 文学院 | H7: 24 | I7: 18 | J7: 14 | K7: 7 | L7: 9 | M7: 72 | P7: 编号 | Q7: 学号 | R7: 姓名 | S7: 性别 | T7: 出生日期 | U7: 籍贯 | V7: 院系 | W7: C语言 | X7: Word | Y7: Excel | Z7: PPT | AA7: Access | AB7: 成绩
A8: 0006 | B8: 090010149 | C8: 王英 | D8: 女 | E8: 33430 | F8: 江苏 | G8: 文学院 | H8: 20 | I8: 20 | J8: 16 | K8: 10 | L8: 9 | M8: 75 | P8: 0003 | Q8: 090010146 | R8: 赵林莉 | S8: 女 | T8: 33574 | U8: 江苏 | V8: 文学院 | W8: 35 | X8: 20 | Y8: 17 | Z8: 7 | AA8: 9 | AB8: 88
A9: 0007 | B9: 090010150 | C9: 陈子雅 | D9: 男 | E9: 33286 | F9: 江苏 | G9: 文学院 | H9: 22 | I9: 18 | J9: 16 | K9: 10 | L9: 9 | M9: 75 | P9: 0004 | Q9: 090010147 | R9: 糜义杰 | S9: 男 | T9: 33514 | U9: 江苏 | V9: 文学院 | W9: 29 | X9: 19 | Y9: 19 | Z9: 10 | AA9: 9 | AB9: 86
A10: 0008 | B10: 090010151 | C10: 周文洁 | D10: 女 | E10: 33317 | F10: 上海 | G10: 文学院 | H10: 28 | I10: 20 | J10: 12 | K10: 10 | L10: 9 | M10: 79 | P10: 0008 | Q10: 090010151 | R10: 周文洁 | S10: 女 | T10: 33317 | U10: 上海 | V10: 文学院 | W10: 28 | X10: 20 | Y10: 12 | Z10: 10 | AA10: 9 | AB10: 79
A11: 0009 | B11: 090010152 | C11: 成立 | D11: 男 | E11: 33287 | F11: 江苏 | G11: 文学院 | H11: 26 | I11: 18 | J11: 18 | K11: 10 | L11: 9 | M11: 81 | P11: 0009 | Q11: 090010152 | R11: 成立 | S11: 男 | T11: 33287 | U11: 江苏 | V11: 文学院 | W11: 26 | X11: 18 | Y11: 18 | Z11: 10 | AA11: 9 | AB11: 81
A12: 0010 | B12: 090010153 | C12: 陈晖 | D12: 男 | E12: 33283 | F12: 江苏 | G12: 文学院 | H12: 26 | I12: 20 | J12: 16 | K12: 9 | L12: 9 | M12: 80 | P12: 0010 | Q12: 090010153 | R12: 陈晖 | S12: 男 | T12: 33283 | U12: 江苏 | V12: 文学院 | W12: 26 | X12: 20 | Y12: 16 | Z12: 9 | AA12: 9 | AB12: 80
A13: 0011 | B13: 090010154 | C13: 王玉芳 | D13: 女 | E13: 33431 | F13: 江苏 | G13: 文学院 | H13: 33 | I13: 20 | J13: 19 | K13: 10 | L13: 9 | M13: 91 | P13: 0011 | Q13: 090010154 | R13: 王玉芳 | S13: 女 | T13: 33431 | U13: 江苏 | V13: 文学院 | W13: 33 | X13: 20 | Y13: 19 | Z13: 10 | AA13: 9 | AB13: 91
A14: 0012 | B14: 090010155 | C14: 邵艳 | D14: 女 | E14: 33251 | F14: 江苏 | G14: 文学院 | H14: 24 | I14: 20 | J14: 20 | K14: 10 | L14: 9 | M14: 83 | P14: 0012 | Q14: 090010155 | R14: 邵艳 | S14: 女 | T14: 33251 | U14: 江苏 | V14: 文学院 | W14: 24 | X14: 20 | Y14: 20 | Z14: 10 | AA14: 9 | AB14: 83
A15: 0013 | B15: 090010156 | C15: 殷岳峰 | D15: 男 | E15: 33570 | F15: 山东 | G15: 文学院 | H15: 15 | I15: 15 | J15: 19 | K15: 7 | L15: 9 | M15: 65 | P15: 0015 | Q15: 090010102 | R15: 王海霞 | S15: 女 | T15: 33402 | U15: 江苏 | V15: 文学院 | W15: 32 | X15: 20 | Y15: 18 | Z15: 10 | AA15: 10 | AB15: 90
A16: 0014 | B16: 090010101 | C16: 董红 | D16: 女 | E16: 33349 | F16: 江苏 | G16: 文学院 | H16: 31 | I16: 9 | J16: 0 | K16: 4 | L16: 8 | M16: 52 | P16: 0016 | Q16: 090010103 | R16: 闫静 | S16: 女 | T16: 33557 | U16: 江苏 | V16: 文学院 | W16: 33 | X16: 18 | Y16: 10 | Z16: 10 | AA16: 10 | AB16: 81
A17: 0015 | B17: 090010102 | C17: 王海霞 | D17: 女 | E17: 33402 | F17: 江苏 | G17: 文学院 | H17: 32 | I17: 20 | J17: 18 | K17: 10 | L17: 10 | M17: 90 | P17: 0017 | Q17: 090010104 | R17: 裴娟娟 | S17: 女 | T17: 33524 | U17: 江苏 | V17: 文学院 | W17: 31 | X17: 18 | Y17: 19 | Z17: 10 | AA17: 7 | AB17: 85
A18: 0016 | B18: 090010103 | C18: 闫静 | D18: 女 | E18: 33557 | F18: 江苏 | G18: 文学院 | H18: 33 | I18: 18 | J18: 10 | K18: 10 | L18: 10 | M18: 81 | P18: 0018 | Q18: 090010105 | R18: 曹淤青 | S18: 男 | T18: 33286 | U18: 江苏 | V18: 文学院 | W18: 27 | X18: 18 | Y18: 20 | Z18: 10 | AA18: 9 | AB18: 84
A19: 0017 | B19: 090010104 | C19: 裴娟娟 | D19: 女 | E19: 33524 | F19: 江苏 | G19: 文学院 | H19: 31 | I19: 18 | J19: 19 | K19: 10 | L19: 7 | M19: 85 | P19: 0021 | Q19: 090010108 | R19: 谢洁 | S19: 女 | T19: 33528 | U19: 江苏 | V19: 文学院 | W19: 30 | X19: 18 | Y19: 20 | Z19: 10 | AA19: 9 | AB19: 87
... A172: 0170 | B172: 090050227 | C172: 张春丽 | D172: 女 | E172: 33548 | F172: 河南 | G172: 生科院 | H172: 35 | I172: 20 | J172: 18 | K172: 10 | L172: 9 | M172: 92 | P172: 0392 | Q172: 090100738 | R172: 黄玲玲 | S172: 女 | T172: 33392 | U172: 江苏 | V172: 体科院 | W172: 28 | X172: 17 | Y172: 20 | Z172: 6 | AA172: 9 | AB172: 80
A173: 0171 | B173: 090050228 | C173: 杨云 | D173: 女 | E173: 33565 | F173: 江苏 | G173: 生科院 | H173: 35 | I173: 19 | J173: 17 | K173: 10 | L173: 9 | M173: 90
A174: 0172 | B174: 090050229 | C174: 曾彩虹 | D174: 女 | E174: 33543 | F174: 江苏 | G174: 生科院 | H174: 27 | I174: 19 | J174: 17 | K174: 10 | L174: 9 | M174: 82
A175: 0173 | B175: 090050230 | C175: 刘芳 | D175: 女 | E175: 33493 | F175: 北京 | G175: 生科院 | H175: 35 | I175: 17 | J175: 18 | K175: 10 | L175: 9 | M175: 89
A176: 0174 | B176: 090050231 | C176: 许美玲 | D176: 女 | E176: 33552 | F176: 江苏 | G176: 生科院 | H176: 30 | I176: 20 | J176: 19 | K176: 10 | L176: 8 | M176: 87
A177: 0175 | B177: 090050232 | C177: 孟新翔 | D177: 男 | E177: 33513 | F177: 江苏 | G177: 生科院 | H177: 32 | I177: 20 | J177: 19 | K177: 10 | L177: 9 | M177: 90
A178: 0176 | B178: 090050233 | C178: 韩玉鑫 | D178: 女 | E178: 33289 | F178: 山东 | G178: 生科院 | H178: 22 | I178: 20 | J178: 19 | K178: 10 | L178: 9 | M178: 80
A179: 0177 | B179: 090050234 | C179: 祁欣 | D179: 男 | E179: 33517 | F179: 江苏 | G179: 生科院 | H179: 33 | I179: 18 | J179: 20 | K179: 8 | L179: 9 | M179: 88
A180: 0178 | B180: 090050235 | C180: 李玉祥 | D180: 男 | E180: 33437 | F180: 江苏 | G180: 生科院 | H180: 31 | I180: 20 | J180: 16 | K180: 10 | L180: 10 | M180: 87
A181: 0179 | B181: 090050236 | C181: 曹光雪 | D181: 男 | E181: 33282 | F181: 江苏 | G181: 生科院 | H181: 37 | I181: 19 | J181: 19 | K181: 10 | L181: 9 | M181: 94
A182: 0180 | B182: 090050237 | C182: 张柯 | D182: 女 | E182: 33557 | F182: 江苏 | G182: 生科院 | H182: 34 | I182: 19 | J182: 20 | K182: 10 | L182: 9 | M182: 92
A183: 0181 | B183: 090050238 | C183: 王桥 | D183: 女 | E183: 33513 | F183: 江苏 | G183: 生科院 | H183: 36 | I183: 18 | J183: 19 | K183: 10 | L183: 9 | M183: 92
A184: 0182 | B184: 090050239 | C184: 魏冉 | D184: 女 | E184: 33515 | F184: 江苏 | G184: 生科院 | H184: 31 | I184: 19 | J184: 18 | K184: 9 | L184: 9 | M184: 86
... A396: 0394 | B396: 090100740 | C396: 康婷婷 | D396: 女 | E396: 33416 | F396: 山东 | G396: 体科院 | H396: 19 | I396: 18 | J396: 13 | K396: 6 | L396: 1 | M396: 57

Sheet Sheet4
A1: =Sheet2!G37 -> 地科院 平均值 | B1: =Sheet2!M37 -> 67.529412
A2: =Sheet2!G87 -> 法学院 平均值 | B2: =Sheet2!M87 -> 82.632653
A3: =Sheet2!G134 -> 公管院 平均值 | B3: =Sheet2!M134 -> 65.608696
A4: =Sheet2!G163 -> 化科院 平均值 | B4: =Sheet2!M163 -> 58.5
A5: =Sheet2!G218 -> 生科院 平均值 | B5: =Sheet2!M218 -> 81.833333
A6: =Sheet2!G245 -> 数科院 平均值 | B6: =Sheet2!M245 -> 48.423077
A7: =Sheet2!G286 -> 体科院 平均值 | B7: =Sheet2!M286 -> 74.25
A8: =Sheet2!G322 -> 外文院 平均值 | B8: =Sheet2!M322 -> 65.457143
A9: =Sheet2!G379 -> 文学院 平均值 | B9: =Sheet2!M379 -> 75.303571
A10: =Sheet2!G406 -> 物科院 平均值 | B10: =Sheet2!M406 -> 72.038462
A11: =Sheet2!G407 -> 总计平均值 | B11: =Sheet2!M407 -> 71.142132
